1,000000 0,000000 
1,004847 0,017540 
1,009410 0,035249 
1,013684 0,053125 
1,017665 0,071162 
1,021350 0,089357 
1,024733 0,107704 
1,027811 0,126199 
1,030579 0,144838 
1,033034 0,163616 
1,035171 0,182529 
1,036987 0,201570 
1,038478 0,220735 
1,039639 0,240020 
1,040469 0,259418 
1,040962 0,278925 
1,041115 0,298535 
1,040925 0,318243 
1,040388 0,338043 
1,039502 0,357929 
1,038262 0,377897 
1,036666 0,397939 
1,034711 0,418051 
1,032394 0,438225 
1,029712 0,458457 
1,026661 0,478740 
1,023241 0,499068 
1,019447 0,519434 
1,015277 0,539832 
1,010730 0,560257 
1,005802 0,580700 
1,000492 0,601156 
0,994797 0,621618 
0,988716 0,642079 
0,982246 0,662533 
0,975386 0,682973 
0,968135 0,703391 
0,960490 0,723781 
0,952451 0,744136 
0,944015 0,764448 
0,935183 0,784711 
0,925952 0,804918 
0,916322 0,825060 
0,906292 0,845131 
0,895861 0,865123 
0,885030 0,885030 
0,873796 0,904842 
0,862161 0,924554 
0,850123 0,944157 
0,837683 0,963645 
0,824842 0,983008 
0,811598 1,002240 
0,797953 1,021333 
0,783907 1,040279 
0,769460 1,059071 
0,754614 1,077700 
0,739369 1,096159 
0,723726 1,114441 
0,707687 1,132536 
0,691253 1,150438 
0,674425 1,168138 
0,657205 1,185630 
0,639595 1,202903 
0,621597 1,219952 
0,603212 1,236768 
0,584443 1,253342 
0,565293 1,269668 
0,545763 1,285737 
0,525857 1,301542 
0,505577 1,317073 
0,484927 1,332325 
0,463908 1,347288 
0,442526 1,361955 
0,420783 1,376318 
0,398682 1,390369 
0,376228 1,404101 
0,353424 1,417506 
0,330274 1,430575 
0,306783 1,443302 
0,282955 1,455678 
0,258795 1,467697 
0,234306 1,479350 
0,209494 1,490630 
0,184365 1,501529 
0,158922 1,512041 
0,133171 1,522157 
0,107119 1,531871 
0,080770 1,541174 
0,054129 1,550061 
0,027204 1,558523 
-0,000000 1,566555 
-0,027477 1,574148 
-0,055220 1,581296 
-0,083223 1,587991 
-0,111479 1,594229 
-0,139982 1,600000 
-0,168724 1,605300 
-0,197698 1,610122 
-0,226897 1,614458 
-0,256314 1,618304 
-0,285941 1,621652 
-0,315770 1,624497 
-0,345794 1,626832 
-0,376004 1,628652 
-0,406392 1,629951 
-0,436951 1,630723 
-0,467671 1,630963 
-0,498545 1,630666 
-0,529562 1,629825 
-0,560716 1,628436 
-0,591996 1,626495 
-0,623393 1,623995 
-0,654899 1,620932 
-0,686504 1,617302 
-0,718198 1,613100 
-0,749973 1,608321 
-0,781817 1,602962 
-0,813722 1,597019 
-0,845677 1,590487 
-0,877673 1,583363 
-0,909698 1,575644 
-0,941744 1,567325 
-0,973799 1,558404 
-1,005853 1,548877 
-1,037895 1,538742 
-1,069914 1,527996 
-1,101901 1,516636 
-1,133843 1,504660 
-1,165730 1,492066 
-1,197550 1,478851 
-1,229293 1,465015 
-1,260948 1,450554 
-1,292501 1,435468 
-1,323944 1,419756 
-1,355263 1,403416 
-1,386447 1,386447 
-1,417485 1,368849 
-1,448365 1,350622 
-1,479074 1,331764 
-1,509602 1,312277 
-1,539936 1,292160 
-1,570064 1,271413 
-1,599974 1,250037 
-1,629654 1,228032 
-1,659092 1,205401 
-1,688276 1,182144 
-1,717193 1,158262 
-1,745832 1,133757 
-1,774180 1,108631 
-1,802224 1,082885 
-1,829953 1,056524 
-1,857354 1,029548 
-1,884414 1,001961 
-1,911122 0,973765 
-1,937464 0,944964 
-1,963429 0,915562 
-1,989005 0,885562 
-2,014178 0,854968 
-2,038936 0,823784 
-2,063268 0,792014 
-2,087160 0,759664 
-2,110600 0,726738 
-2,133577 0,693241 
-2,156078 0,659179 
-2,178090 0,624557 
-2,199601 0,589381 
-2,220600 0,553658 
-2,241074 0,517393 
-2,261011 0,480593 
-2,280400 0,443265 
-2,299228 0,405416 
-2,317483 0,367053 
-2,335153 0,328184 
-2,352228 0,288817 
-2,368695 0,248960 
-2,384542 0,208620 
-2,399759 0,167808 
-2,414334 0,126530 
-2,428255 0,084797 
-2,441512 0,042617 
-2,454094 0,000000 
-2,465988 -0,043044 
-2,477186 -0,086505 
-2,487675 -0,130374 
-2,497446 -0,174638 
-2,506488 -0,219289 
-2,514791 -0,264315 
-2,522344 -0,309705 
-2,529137 -0,355447 
-2,535161 -0,401530 
-2,540406 -0,447942 
-2,544863 -0,494671 
-2,548521 -0,541705 
-2,551372 -0,589031 
-2,553407 -0,636636 
-2,554617 -0,684508 
-2,554993 -0,732632 
-2,554527 -0,780997 
-2,553210 -0,829588 
-2,551035 -0,878392 
-2,547993 -0,927393 
-2,544076 -0,976579 
-2,539278 -1,025935 
-2,533592 -1,075446 
-2,527009 -1,125097 
-2,519523 -1,174873 
-2,511128 -1,224759 
-2,501818 -1,274740 
-2,491585 -1,324799 
-2,480425 -1,374922 
-2,468332 -1,425092 
-2,455300 -1,475293 
-2,441325 -1,525509 
-2,426401 -1,575723 
-2,410524 -1,625919 
-2,393689 -1,676079 
-2,375894 -1,726188 
-2,357133 -1,776227 
-2,337403 -1,826179 
-2,316702 -1,876028 
-2,295026 -1,925755 
-2,272372 -1,975343 
-2,248740 -2,024774 
-2,224125 -2,074030 
-2,198528 -2,123093 
-2,171945 -2,171945 
-2,144377 -2,220568 
-2,115823 -2,268942 
-2,086282 -2,317051 
-2,055754 -2,364874 
-2,024239 -2,412394 
-1,991737 -2,459591 
-1,958251 -2,506447 
-1,923780 -2,552942 
-1,888327 -2,599059 
-1,851893 -2,644777 
-1,814480 -2,690077 
-1,776092 -2,734941 
-1,736730 -2,779350 
-1,696399 -2,823283 
-1,655102 -2,866721 
-1,612843 -2,909646 
-1,569626 -2,952038 
-1,525456 -2,993877 
-1,480338 -3,035144 
-1,434278 -3,075819 
-1,387281 -3,115885 
-1,339354 -3,155319 
-1,290502 -3,194105 
-1,240734 -3,232222 
-1,190055 -3,269650 
-1,138475 -3,306371 
-1,086000 -3,342365 
-1,032640 -3,377613 
-0,978403 -3,412097 
-0,923298 -3,445796 
-0,867335 -3,478692 
-0,810524 -3,510765 
-0,752875 -3,541998 
-0,694399 -3,572371 
-0,635106 -3,601866 
-0,575009 -3,630463 
-0,514119 -3,658145 
-0,452448 -3,684894 
-0,390009 -3,710690 
-0,326815 -3,735516 
-0,262880 -3,759354 
-0,198216 -3,782186 
-0,132838 -3,803995 
-0,066761 -3,824762 
-0,000000 -3,844472 
0,067431 -3,863106 
0,135515 -3,880647 
0,204237 -3,897080 
0,273581 -3,912386 
0,343529 -3,926551 
0,414064 -3,939557 
0,485170 -3,951389 
0,556827 -3,962032 
0,629019 -3,971469 
0,701726 -3,979685 
0,774930 -3,986667 
0,848610 -3,992398 
0,922749 -3,996864 
0,997325 -4,000052 
1,072319 -4,001947 
1,147709 -4,002536 
1,223475 -4,001806 
1,299595 -3,999743 
1,376049 -3,996335 
1,452813 -3,991570 
1,529865 -3,985435 
1,607183 -3,977919 
1,684745 -3,969010 
1,762526 -3,958698 
1,840503 -3,946971 
1,918652 -3,933820 
1,996950 -3,919234 
2,075371 -3,903205 
2,153891 -3,885722 
2,232485 -3,866777 
2,311128 -3,846362 
2,389793 -3,824469 
2,468456 -3,801090 
2,547091 -3,776217 
2,625670 -3,749845 
2,704167 -3,721967 
2,782556 -3,692577 
2,860810 -3,661670 
2,938901 -3,629240 
3,016801 -3,595283 
3,094483 -3,559796 
3,171920 -3,522774 
3,249082 -3,484214 
3,325942 -3,444114 
3,402471 -3,402471 
3,478641 -3,359285 
3,554422 -3,314553 
3,629787 -3,268275 
3,704704 -3,220450 
3,779147 -3,171080 
3,853083 -3,120165 
3,926486 -3,067707 
3,999324 -3,013707 
4,071568 -2,958167 
4,143188 -2,901091 
4,214153 -2,842482 
4,284435 -2,782345 
4,354003 -2,720683 
4,422827 -2,657502 
4,490875 -2,592808 
4,558119 -2,526607 
4,624528 -2,458905 
4,690071 -2,389711 
4,754719 -2,319031 
4,818439 -2,246875 
4,881203 -2,173252 
4,942980 -2,098171 
5,003740 -2,021642 
5,063452 -1,943677 
5,122085 -1,864287 
5,179611 -1,783483 
5,235998 -1,701279 
5,291216 -1,617687 
5,345236 -1,532722 
5,398027 -1,446397 
5,449561 -1,358728 
5,499806 -1,269730 
5,548734 -1,179420 
5,596315 -1,087813 
5,642520 -0,994928 
5,687319 -0,900783 
5,730685 -0,805395 
5,772587 -0,708785 
5,812998 -0,610971 
5,851890 -0,511974 
5,889234 -0,411815 
5,925001 -0,310516 
5,959166 -0,208099 
5,991699 -0,104586 
6,022575 -0,000000 
6,051766 0,105634 
6,079246 0,212292 
6,104988 0,319949 
6,128967 0,428579 
6,151156 0,538156 
6,171532 0,648654 
6,190067 0,760045 
6,206739 0,872300 
6,221523 0,985392 
6,234395 1,099292 
6,245331 1,213969 
6,254309 1,329395 
6,261307 1,445537 
6,266300 1,562364 
6,269269 1,679846 
6,270192 1,797949 
6,269048 1,916640 
6,265816 2,035887 
6,260478 2,155655 
6,253012 2,275910 
6,243402 2,396617 
6,231627 2,517741 
6,217671 2,639245 
6,201516 2,761093 
6,183146 2,883248 
6,162544 3,005673 
6,139695 3,128331 
6,114584 3,251182 
6,087196 3,374188 
6,057518 3,497310 
6,025537 3,620508 
5,991240 3,743742 
5,954615 3,866972 
5,915651 3,990157 
5,874338 4,113256 
5,830665 4,236226 
5,784624 4,359027 
5,736206 4,481615 
5,685403 4,603948 
5,632208 4,725983 
5,576615 4,847677 
5,518617 4,968985 
5,458211 5,089864 
5,395392 5,210270 
5,330157 5,330157 
5,262503 5,449481 
5,192428 5,568197 
5,119931 5,686259 
5,045012 5,803622 
4,967671 5,920240 
4,887910 6,036066 
4,805731 6,151055 
4,721136 6,265159 
4,634130 6,378333 
4,544718 6,490530 
4,452904 6,601702 
4,358695 6,711802 
4,262099 6,820784 
4,163123 6,928600 
4,061776 7,035202 
3,958068 7,140543 
3,852010 7,244576 
3,743612 7,347253 
3,632889 7,448527 
3,519853 7,548349 
3,404518 7,646672 
3,286899 7,743449 
3,167013 7,838632 
3,044876 7,932174 
2,920507 8,024027 
2,793924 8,114143 
2,665146 8,202477 
2,534195 8,288979 
2,401092 8,373604 
2,265860 8,456305 
2,128522 8,537035 
1,989102 8,615747 
1,847626 8,692395 
1,704119 8,766933 
1,558610 8,839315 
1,411126 8,909497 
1,261696 8,977431 
1,110350 9,043074 
0,957119 9,106380 
0,802035 9,167306 
0,645131 9,225806 
0,486441 9,281839 
0,325998 9,335359 
0,163839 9,386325 
0,000000 9,434693 
-0,165481 9,480423 
-0,332567 9,523471 
-0,501217 9,563798 
-0,671393 9,601362 
-0,843052 9,636123 
-1,016152 9,668042 
-1,190652 9,697079 
-1,366506 9,723196 
-1,543671 9,746356 
-1,722101 9,766521 
-1,901750 9,783653 
-2,082569 9,797718 
-2,264512 9,808679 
-2,447529 9,816502 
-2,631570 9,821153 
-2,816585 9,822599 
-3,002522 9,820807 
-3,189329 9,815744 
-3,376952 9,807381 
-3,565338 9,795686 
-3,754432 9,780630 
-3,944179 9,762184 
-4,134521 9,740322 
-4,325403 9,715014 
-4,516766 9,686236 
-4,708552 9,653962 
-4,900701 9,618168 
-5,093154 9,578830 
-5,285850 9,535925 
-5,478727 9,489433 
-5,671723 9,439333 
-5,864777 9,385605 
-6,057823 9,328230 
-6,250799 9,267191 
-6,443640 9,202471 
-6,636280 9,134056 
-6,828654 9,061930 
-7,020695 8,986080 
-7,212337 8,906494 
-7,403512 8,823161 
-7,594151 8,736072 
-7,784187 8,645216 
-7,973551 8,550587 
-8,162173 8,452177 
-8,349983 8,349983 
-8,536910 8,243999 
-8,722885 8,134222 
-8,907836 8,020652 
-9,091691 7,903287 
-9,274379 7,782128 
-9,455827 7,657178 
-9,635963 7,528440 
-9,814715 7,395918 
-9,992008 7,259619 
-10,167770 7,119549 
-10,341927 6,975718 
-10,514405 6,828135 
-10,685131 6,676811 
-10,854030 6,521759 
-11,021029 6,362994 
-11,186052 6,200530 
-11,349025 6,034384 
-11,509874 5,864574 
-11,668524 5,691119 
-11,824901 5,514042 
-11,978930 5,333363 
-12,130537 5,149107 
-12,279646 4,961299 
-12,426184 4,769965 
-12,570077 4,575134 
-12,711249 4,376834 
-12,849628 4,175097 
-12,985139 3,969955 
-13,117709 3,761443 
-13,247264 3,549594 
-13,373732 3,334446 
-13,497038 3,116037 
-13,617112 2,894406 
-13,733880 2,669596 
-13,847271 2,441647 
-13,957213 2,210605 
-14,063636 1,976515 
-14,166469 1,739424 
-14,265642 1,499379 
-14,361085 1,256432 
-14,452730 1,010633 
-14,540508 0,762036 
-14,624350 0,510694 
-14,704191 0,256663 
-14,779963 0,000000 
-14,851601 -0,259236 
-14,919038 -0,520984 
-14,982212 -0,785184 
-15,041058 -1,051773 
-15,095513 -1,320686 
-15,145516 -1,591858 
-15,191004 -1,865221 
-15,231919 -2,140707 
-15,268200 -2,418245 
-15,299788 -2,697765 
-15,326628 -2,979195 
-15,348661 -3,262459 
-15,365832 -3,547482 
-15,378088 -3,834188 
-15,385374 -4,122498 
-15,387638 -4,412334 
-15,384830 -4,703615 
-15,376900 -4,996258 
-15,363798 -5,290180 
-15,345477 -5,585297 
-15,321892 -5,881523 
-15,292996 -6,178771 
-15,258746 -6,476954 
-15,219101 -6,775980 
-15,174018 -7,075761 
-15,123459 -7,376204 
-15,067386 -7,677216 
-15,005760 -7,978704 
-14,938548 -8,280573 
-14,865716 -8,582725 
-14,787231 -8,885065 
-14,703063 -9,187493 
-14,613182 -9,489911 
-14,517561 -9,792219 
-14,416174 -10,094314 
-14,308998 -10,396095 
-14,196008 -10,697460 
-14,077186 -10,998303 
-13,952510 -11,298520 
-13,821965 -11,598006 
-13,685534 -11,896653 
-13,543203 -12,194355 
-13,394961 -12,491004 
-13,240798 -12,786490 
-13,080704 -13,080704 
-12,914674 -13,373537 
-12,742704 -13,664877 
-12,564789 -13,954612 
-12,380931 -14,242631 
-12,191129 -14,528822 
-11,995388 -14,813071 
-11,793713 -15,095264 
-11,586110 -15,375287 
-11,372590 -15,653027 
-11,153163 -15,928367 
-10,927843 -16,201194 
-10,696646 -16,471391 
-10,459589 -16,738842 
-10,216693 -17,003432 
-9,967978 -17,265044 
-9,713469 -17,523561 
-9,453192 -17,778868 
-9,187175 -18,030847 
-8,915450 -18,279381 
-8,638048 -18,524354 
-8,355005 -18,765649 
-8,066358 -19,003149 
-7,772146 -19,236737 
-7,472411 -19,466297 
-7,167197 -19,691713 
-6,856550 -19,912867 
-6,540518 -20,129645 
-6,219152 -20,341931 
-5,892505 -20,549609 
-5,560633 -20,752564 
-5,223592 -20,950682 
-4,881442 -21,143848 
-4,534246 -21,331950 
-4,182068 -21,514874 
-3,824974 -21,692507 
-3,463034 -21,864738 
-3,096319 -22,031455 
-2,724902 -22,192549 
-2,348860 -22,347909 
-1,968270 -22,497426 
-1,583212 -22,640992 
-1,193771 -22,778500 
-0,800029 -22,909845 
-0,402076 -23,034919 
-0,000000 -23,153620 
0,406107 -23,265844 
0,816150 -23,371489 
1,230034 -23,470454 
1,647660 -23,562640 
2,068927 -23,647947 
2,493732 -23,726279 
2,921970 -23,797539 
3,353534 -23,861634 
3,788313 -23,918470 
4,226197 -23,967955 
4,667071 -24,010000 
5,110820 -24,044516 
5,557324 -24,071416 
6,006465 -24,090615 
6,458119 -24,102029 
6,912163 -24,105577 
7,368470 -24,101178 
7,826911 -24,088754 
8,287356 -24,068230 
8,749673 -24,039529 
9,213728 -24,002581 
9,679383 -23,957314 
10,146502 -23,903660 
10,614944 -23,841554 
11,084566 -23,770929 
11,555227 -23,691726 
12,026779 -23,603883 
12,499077 -23,507344 
12,971970 -23,402053 
13,445308 -23,287957 
13,918940 -23,165006 
14,392711 -23,033152 
14,866465 -22,892348 
15,340046 -22,742553 
15,813295 -22,583726 
16,286052 -22,415827 
16,758156 -22,238824 
17,229443 -22,052681 
17,699749 -21,857370 
18,168910 -21,652864 
18,636758 -21,439137 
19,103124 -21,216169 
19,567840 -20,983940 
20,030736 -20,742434 
20,491639 -20,491639 
20,950377 -20,231544 
21,406776 -19,962142 
21,860663 -19,683429 
22,311861 -19,395405 
22,760194 -19,098070 
23,205485 -18,791431 
23,647556 -18,475496 
24,086228 -18,150275 
24,521322 -17,815784 
24,952658 -17,472040 
25,380056 -17,119064 
25,803334 -16,756881 
26,222311 -16,385519 
26,636806 -16,005008 
27,046635 -15,615382 
27,451617 -15,216680 
27,851569 -14,808942 
28,246307 -14,392212 
28,635650 -13,966540 
29,019414 -13,531975 
29,397415 -13,088572 
29,769472 -12,636391 
30,135400 -12,175492 
30,495019 -11,705941 
30,848144 -11,227806 
31,194595 -10,741161 
31,534190 -10,246079 
31,866747 -9,742642 
32,192086 -9,230932 
32,510026 -8,711035 
32,820389 -8,183042 
33,122995 -7,647046 
33,417666 -7,103144 
33,704226 -6,551438 
33,982498 -5,992031 
34,252308 -5,425033 
34,513480 -4,850553 
34,765841 -4,268709 
35,009221 -3,679617 
35,243447 -3,083402 
35,468352 -2,480189 
35,683766 -1,870107 
35,889524 -1,253290 
36,085461 -0,629874 
36,271412 -0,000000 
36,447217 0,636189 
36,612716 1,278544 
36,767750 1,926916 
36,912164 2,581150 
37,045802 3,241088 
37,168513 3,906568 
37,280146 4,577426 
37,380554 5,253494 
37,469591 5,934600 
37,547112 6,620569 
37,612978 7,311222 
37,667049 8,006378 
37,709190 8,705852 
37,739266 9,409456 
37,757147 10,116997 
37,762704 10,828281 
37,755813 11,543111 
37,736351 12,261284 
37,704198 12,982596 
37,659237 13,706841 
37,601355 14,433808 
37,530442 15,163283 
37,446391 15,895050 
37,349097 16,628889 
37,238461 17,364579 
37,114384 18,101895 
36,976774 18,840607 
36,825540 19,580487 
36,660595 20,321300 
36,481858 21,062811 
36,289248 21,804780 
36,082691 22,546968 
35,862115 23,289130 
35,627453 24,031021 
35,378641 24,772391 
35,115619 25,512991 
34,838333 26,252567 
34,546731 26,990864 
34,240766 27,727625 
33,920395 28,462591 
33,585581 29,195500 
33,236288 29,926088 
32,872489 30,654092 
32,494157 31,379242 
32,101272 32,101272 
31,693819 32,819911 
31,271787 33,534886 
30,835168 34,245924 
30,383962 34,952750 
29,918172 35,655089 
29,437805 36,352661 
28,942874 37,045189 
28,433398 37,732393 
27,909399 38,413992 
27,370905 39,089704 
26,817950 39,759246 
26,250571 40,422334 
25,668811 41,078685 
25,072720 41,728013 
24,462350 42,370033 
23,837761 43,004459 
23,199017 43,631005 
22,546188 44,249385 
21,879348 44,859312 
21,198578 45,460498 
20,503964 46,052658 
19,795597 46,635505 
19,073574 47,208753 
18,337997 47,772114 
17,588973 48,325305 
16,826615 48,868039 
16,051044 49,400033 
15,262382 49,921001 
14,460760 50,430662 
13,646313 50,928733 
12,819183 51,414933 
11,979515 51,888982 
11,127464 52,350601 
10,263186 52,799513 
9,386845 53,235442 
8,498610 53,658113 
7,598657 54,067253 
6,687165 54,462591 
5,764322 54,843858 
4,830318 55,210787 
3,885351 55,563112 
2,929625 55,900571 
1,963347 56,222902 
0,986732 56,529847 
0,000000 56,821150 
-0,996624 57,096559 
-2,002909 57,355822 
-3,018619 57,598691 
-4,043512 57,824923 
-5,077341 58,034274 
-6,119853 58,226508 
-7,170789 58,401387 
-8,229886 58,558682 
-9,296876 58,698162 
-10,371483 58,819604 
-11,453430 58,922787 
-12,542430 59,007492 
-13,638194 59,073508 
-14,740427 59,120624 
-15,848829 59,148635 
-16,963095 59,157341 
-18,082914 59,146546 
-19,207971 59,116057 
-20,337947 59,065687 
-21,472516 58,995254 
-22,611349 58,904579 
-23,754112 58,793490 
-24,900465 58,661819 
-26,050065 58,509403 
-27,202563 58,336085 
-28,357608 58,141712 
-29,514841 57,926138 
-30,673903 57,689222 
-31,834427 57,430827 
-32,996044 57,150825 
-34,158381 56,849092 
-35,321058 56,525509 
-36,483696 56,179965 
-37,645908 55,812353 
-38,807305 55,422575 
-39,967495 55,010538 
-41,126082 54,576154 
-42,282665 54,119343 
-43,436841 53,640032 
-44,588205 53,138154 
-45,736347 52,613648 
-46,880854 52,066463 
-48,021311 51,496551 
-49,157299 50,903873 
-50,288398 50,288398 
-51,414185 49,650101 
-52,534232 48,988964 
-53,648112 48,304977 
-54,755394 47,598138 
-55,855646 46,868452 
-56,948431 46,115931 
-58,033315 45,340595 
-59,109857 44,542473 
-60,177619 43,721600 
-61,236159 42,878020 
-62,285032 42,011785 
-63,323797 41,122954 
-64,352006 40,211596 
-65,369214 39,277786 
-66,374973 38,321609 
-67,368837 37,343156 
-68,350356 36,342529 
-69,319081 35,319836 
-70,274564 34,275195 
-71,216356 33,208732 
-72,144007 32,120581 
-73,057069 31,010886 
-73,955092 29,879797 
-74,837629 28,727474 
-75,704233 27,554087 
-76,554456 26,359813 
-77,387852 25,144838 
-78,203978 23,909356 
-79,002390 22,653571 
-79,782645 21,377695 
-80,544304 20,081951 
-81,286928 18,766566 
-82,010080 17,431781 
-82,713325 16,077842 
-83,396231 14,705006 
-84,058368 13,313538 
-84,699308 11,903711 
-85,318627 10,475810 
-85,915903 9,030125 
-86,490717 7,566957 
-87,042654 6,086615 
-87,571301 4,589417 
-88,076250 3,075690 
-88,557096 1,545770 
-89,013439 0,000000 
-89,444881 -1,561266 
-89,851031 -3,137667 
-90,231499 -4,728832 
-90,585903 -6,334383 
-90,913864 -7,953932 
-91,215008 -9,587084 
-91,488967 -11,233433 
-91,735377 -12,892566 
-91,953881 -14,564064 
-92,144126 -16,247496 
-92,305767 -17,942424 
-92,438463 -19,648402 
-92,541880 -21,364976 
-92,615689 -23,091685 
-92,659571 -24,828057 
-92,673210 -26,573615 
-92,656298 -28,327873 
-92,608536 -30,090337 
-92,529629 -31,860506 
-92,419291 -33,637871 
-92,277244 -35,421915 
-92,103217 -37,212115 
-91,896947 -39,007940 
-91,658179 -40,808851 
-91,386667 -42,614302 
-91,082171 -44,423743 
-90,744462 -46,236613 
-90,373320 -48,052347 
-89,968531 -49,870371 
-89,529893 -51,690108 
-89,057211 -53,510971 
-88,550301 -55,332369 
-88,008987 -57,153704 
-87,433103 -58,974373 
-86,822495 -60,793765 
-86,177015 -62,611267 
-85,496529 -64,426256 
-84,780910 -66,238106 
-84,030043 -68,046187 
-83,243823 -69,849861 
-82,422157 -71,648488 
-81,564961 -73,441421 
-80,672163 -75,228009 
-79,743701 -77,007597 
-78,779526 -78,779526 
-77,779598 -80,543132 
-76,743891 -82,297747 
-75,672388 -84,042701 
-74,565086 -85,777319 
-73,421992 -87,500923 
-72,243127 -89,212832 
-71,028521 -90,912361 
-69,778219 -92,598824 
-68,492276 -94,271531 
-67,170763 -95,929791 
-65,813758 -97,572909 
-64,421357 -99,200190 
-62,993664 -100,810936 
-61,530800 -102,404448 
-60,032895 -103,980025 
-58,500096 -105,536966 
-56,932558 -107,074569 
-55,330454 -108,592131 
-53,693967 -110,088948 
-52,023295 -111,564316 
-50,318647 -113,017532 
-48,580248 -114,447893 
-46,808335 -115,854696 
-45,003159 -117,237238 
-43,164984 -118,594820 
-41,294088 -119,926741 
-39,390763 -121,232302 
-37,455313 -122,510808 
-35,488057 -123,761564 
-33,489329 -124,983877 
-31,459474 -126,177057 
-29,398852 -127,340417 
-27,307837 -128,473274 
-25,186818 -129,574946 
-23,036195 -130,644755 
-20,856384 -131,682029 
-18,647815 -132,686097 
-16,410929 -133,656294 
-14,146185 -134,591960 
-11,854052 -135,492438 
-9,535016 -136,357077 
-7,189573 -137,185231 
-4,818237 -137,976262 
-2,421533 -138,729534 
-0,000000 -139,444420 
2,445809 -140,120297 
4,915327 -140,756553 
7,407975 -141,352577 
9,923158 -141,907770 
12,460270 -142,421539 
15,018691 -142,893298 
17,597786 -143,322469 
20,196910 -143,708484 
22,815403 -144,050783 
25,452590 -144,348813 
28,107788 -144,602032 
30,780296 -144,809907 
33,469404 -144,971915 
36,174387 -145,087542 
38,894509 -145,156285 
41,629021 -145,177651 
44,377162 -145,151158 
47,138159 -145,076335 
49,911225 -144,952723 
52,695564 -144,779873 
55,490367 -144,557348 
58,294813 -144,284726 
61,108071 -143,961592 
63,929296 -143,587549 
66,757635 -143,162210 
69,592222 -142,685201 
72,432182 -142,156162 
75,276628 -141,574747 
78,124663 -140,940624 
80,975380 -140,253473 
83,827862 -139,512991 
86,681182 -138,718888 
89,534403 -137,870890 
92,386580 -136,968737 
95,236758 -136,012186 
98,083973 -135,001007 
100,927252 -133,934987 
103,765615 -132,813931 
106,598072 -131,637656 
109,423627 -130,406001 
112,241274 -129,118816 
115,050001 -127,775971 
117,848789 -126,377354 
120,636611 -124,922868 
123,412435 -123,412435 
126,175220 -121,845993 
128,923921 -120,223501 
131,657487 -118,544934 
134,374861 -116,810285 
137,074981 -115,019566 
139,756779 -113,172808 
142,419184 -111,270062 
145,061121 -109,311395 
147,681508 -107,296896 
150,279262 -105,226672 
152,853297 -103,100851 
155,402522 -100,919577 
157,925843 -98,683019 
160,422167 -96,391362 
162,890395 -94,044813 
165,329429 -91,643599 
167,738168 -89,187966 
170,115511 -86,678182 
172,460356 -84,114536 
174,771601 -81,497336 
177,048144 -78,826912 
179,288882 -76,103615 
181,492716 -73,327817 
183,658544 -70,499910 
185,785270 -67,620308 
187,871797 -64,689447 
189,917030 -61,707784 
191,919880 -58,675796 
193,879257 -55,593982 
195,794077 -52,462865 
197,663259 -49,282986 
199,485727 -46,054909 
201,260409 -42,779220 
202,986238 -39,456528 
204,662153 -36,087459 
206,287099 -32,672667 
207,860027 -29,212822 
209,379893 -25,708618 
210,845665 -22,160772 
212,256312 -18,570021 
213,610816 -14,937123 
214,908166 -11,262860 
216,147358 -7,548032 
217,327400 -3,793464 
218,447308 -0,000000 
219,506108 3,831493 
220,502836 7,700129 
221,436541 11,604997 
222,306281 15,545170 
223,111128 19,519694 
223,850164 23,527600 
224,522484 27,567895 
225,127198 31,639564 
225,663427 35,741576 
226,130308 39,872874 
226,526989 44,032386 
226,852637 48,219017 
227,106431 52,431651 
227,287567 56,669155 
227,395257 60,930375 
227,428728 65,214138 
227,387225 69,519251 
227,270012 73,844503 
227,076366 78,188663 
226,805587 82,550483 
226,456991 86,928694 
226,029912 91,322012 
225,523706 95,729134 
224,937747 100,148738 
224,271430 104,579485 
223,524169 109,020022 
222,695401 113,468974 
221,784583 117,924954 
220,791193 122,386557 
219,714734 126,852361 
218,554728 131,320929 
217,310723 135,790811 
215,982288 140,260538 
214,569016 144,728629 
213,070526 149,193588 
211,486459 153,653906 
209,816481 158,108059 
208,060284 162,554510 
206,217587 166,991709 
204,288130 171,418095 
202,271685 175,832093 
200,168046 180,232118 
197,977035 184,616572 
195,698503 188,983848 
193,332327 193,332327 
190,878411 197,660381 
188,336688 201,966372 
185,707121 206,248652 
182,989698 210,505567 
180,184439 214,735452 
177,291392 218,936636 
174,310636 223,107440 
171,242277 227,246177 
168,086455 231,351157 
164,843336 235,420682 
161,513120 239,453048 
158,096036 243,446547 
154,592346 247,399469 
151,002340 251,310096 
147,326342 255,176710 
143,564708 258,997590 
139,717825 262,771012 
135,786112 266,495249 
131,770020 270,168578 
127,670033 273,789269 
123,486668 277,355598 
119,220475 280,865837 
114,872035 284,318263 
110,441964 287,711152 
105,930910 291,042784 
101,339557 294,311442 
96,668617 297,515413 
91,918842 300,652986 
87,091013 303,722457 
82,185946 306,722127 
77,204492 309,650303 
72,147533 312,505298 
67,015988 315,285435 
61,810808 317,989040 
56,532979 320,614453 
51,183519 323,160020 
45,763482 325,624097 
40,273956 328,005052 
34,716062 330,301262 
29,090953 332,511119 
23,399821 334,633024 
17,643886 336,665393 
11,824405 338,606656 
5,942669 340,455256 
0,000000 342,209652 
-6,002244 343,868320 
-12,062673 345,429749 
-18,179863 346,892449 
-24,352358 348,254945 
-30,578669 349,515781 
-36,857272 350,673522 
-43,186614 351,726748 
-49,565108 352,674066 
-55,991133 353,514098 
-62,463038 354,245491 
-68,979141 354,866915 
-75,537726 355,377060 
-82,137048 355,774642 
-88,775330 356,058402 
-95,450765 356,227103 
-102,161514 356,279538 
-108,905709 356,214522 
-115,681452 356,030900 
-122,486816 355,727544 
-129,319845 355,303354 
-136,178553 354,757258 
-143,060926 354,088216 
-149,964922 353,295217 
-156,888473 352,377281 
-163,829482 351,333458 
-170,785825 350,162833 
-177,755353 348,864523 
-184,735889 347,437676 
-191,725233 345,881477 
-198,721159 344,195144 
-205,721416 342,377932 
-212,723730 340,429130 
-219,725802 338,348064 
-226,725311 336,134097 
-233,719914 333,786629 
-240,707246 331,305101 
-247,684919 328,688990 
-254,650528 325,937812 
-261,601643 323,051125 
-268,535819 320,028527 
-275,450588 316,869654 
-282,343468 313,574188 
-289,211955 310,141851 
-296,053531 306,572406 
-302,865661 302,865661 
-309,645794 299,021468 
-316,391365 295,039721 
-323,099791 290,920359 
-329,768481 286,663367 
-336,394828 282,268776 
-342,976212 277,736660 
-349,510004 273,067142 
-355,993563 268,260391 
-362,424238 263,316622 
-368,799371 258,236099 
-375,116292 253,019134 
-381,372328 247,666085 
-387,564795 242,177362 
-393,691007 236,553422 
-399,748269 230,794771 
-405,733886 224,901966 
-411,645158 218,875613 
-417,479380 212,716369 
-423,233849 206,424941 
-428,905861 200,002088 
-434,492709 193,448618 
-439,991691 186,765392 
-445,400105 179,953323 
-450,715251 173,013375 
-455,934435 165,946563 
-461,054967 158,753956 
-466,074162 151,436675 
-470,989341 143,995892 
-475,797836 136,432834 
-480,496983 128,748779 
-485,084131 120,945058 
-489,556637 113,023055 
-493,911873 104,984209 
-498,147219 96,830010 
-502,260072 88,562002 
-506,247841 80,181781 
-510,107953 71,690997 
-513,837849 63,091355 
-517,434988 54,384609 
-520,896849 45,572569 
-524,220929 36,657098 
-527,404747 27,640112 
-530,445841 18,523577 
-533,341774 9,309515 
-536,090132 0,000000 
-538,688525 -9,402843 
-541,134590 -18,896836 
-543,425989 -28,479749 
-545,560414 -38,149300 
-547,535583 -47,903156 
-549,349246 -57,738932 
-550,999184 -67,654193 
-552,483208 -77,646451 
-553,799164 -87,713171 
-554,944932 -97,851764 
-555,918426 -108,059595 
-556,717596 -118,333978 
-557,340431 -128,672177 
-557,784955 -139,071409 
-558,049236 -149,528842 
-558,131377 -160,041597 
-558,029526 -170,606747 
-557,741872 -181,221320 
-557,266648 -191,882295 
-556,602131 -202,586608 
-555,746643 -213,331149 
-554,698552 -224,112763 
-553,456276 -234,928251 
-552,018278 -245,774372 
-550,383073 -256,647842 
-548,549225 -267,545333 
-546,515350 -278,463479 
-544,280117 -289,398872 
-541,842246 -300,348061 
-539,200514 -311,307562 
-536,353752 -322,273847 
-533,300846 -333,243354 
-530,040742 -344,212483 
-526,572442 -355,177597 
-522,895006 -366,135025 
-519,007557 -377,081062 
-514,909275 -388,011970 
-510,599405 -398,923976 
-506,077252 -409,813278 
-501,342186 -420,676043 
-496,393640 -431,508408 
-491,231112 -442,306480 
-485,854168 -453,066341 
-480,262437 -463,784045 
-474,455619 -474,455619 
-468,433480 -485,077068 
-462,195855 -495,644372 
-455,742649 -506,153490 
-449,073839 -516,600357 
-442,189471 -526,980891 
-435,089664 -537,290989 
-427,774609 -547,526532 
-420,244571 -557,683381 
-412,499886 -567,757386 
-404,540970 -577,744380 
-396,368308 -587,640183 
-387,982465 -597,440604 
-379,384080 -607,141443 
-370,573870 -616,738488 
-361,552628 -626,227522 
-352,321227 -635,604318 
-342,880615 -644,864648 
-333,231823 -654,004276 
-323,375957 -663,018967 
-313,314206 -671,904483 
-303,047837 -680,656587 
-292,578199 -689,271043 
-281,906721 -697,743618 
-271,034912 -706,070086 
-259,964365 -714,246223 
-248,696753 -722,267816 
-237,233832 -730,130659 
-225,577439 -737,830556 
-213,729494 -745,363326 
-201,692001 -752,724797 
-189,467046 -759,910815 
-177,056796 -766,917241 
-164,463505 -773,739956 
-151,689506 -780,374857 
-138,737219 -786,817866 
-125,609144 -793,064925 
-112,307868 -799,112001 
-98,836057 -804,955086 
-85,196463 -810,590202 
-71,391921 -816,013396 
-57,425349 -821,220750 
-43,299746 -826,208374 
-29,018196 -830,972414 
-14,583865 -835,509052 
-0,000000 -839,814505 
14,730068 -843,885030 
29,602927 -847,716924 
44,615085 -851,306526 
59,762965 -854,650219 
75,042914 -857,744429 
90,451195 -860,585632 
105,983992 -863,170349 
121,637411 -865,495154 
137,407478 -867,556672 
153,290139 -869,351580 
169,281265 -870,876611 
185,376647 -872,128555 
201,572001 -873,104259 
217,862966 -873,800632 
234,245107 -874,214641 
250,713913 -874,343320 
267,264798 -874,183765 
283,893106 -873,733140 
300,594107 -872,988676 
317,362999 -871,947673 
334,194909 -870,607503 
351,084897 -868,965612 
368,027951 -867,019518 
385,018993 -864,766816 
402,052877 -862,205178 
419,124394 -859,332355 
436,228267 -856,146179 
453,359156 -852,644564 
470,511661 -848,825506 
487,680318 -844,687088 
504,859603 -840,227479 
522,043936 -835,444936 
539,227675 -830,337805 
556,405126 -824,904522 
573,570536 -819,143618 
590,718102 -813,053716 
607,841966 -806,633534 
624,936221 -799,881886 
641,994908 -792,797687 
659,012024 -785,379947 
675,981515 -777,627779 
692,897286 -769,540397 
709,753197 -761,117120 
726,543065 -752,357368 
743,260670 -743,260670 
759,899751 -733,826659 
776,454011 -724,055079 
792,917118 -713,945780 
809,282707 -703,498724 
825,544381 -692,713985 
841,695713 -681,591749 
857,730250 -670,132316 
873,641510 -658,336098 
889,422989 -646,203627 
905,068161 -633,735549 
920,570478 -620,932628 
935,923374 -607,795746 
951,120269 -594,325906 
966,154565 -580,524230 
981,019654 -566,391961 
995,708919 -551,930466 
1010,215731 -537,141232 
1024,533459 -522,025871 
1038,655465 -506,586119 
1052,575112 -490,823835 
1066,285761 -474,741008 
1079,780777 -458,339747 
1093,053530 -441,622292 
1106,097397 -424,591010 
1118,905763 -407,248393 
1131,472027 -389,597062 
1143,789600 -371,639769 
1155,851910 -353,379392 
1167,652405 -334,818939 
1179,184552 -315,961548 
1190,441842 -296,810487 
1201,417792 -277,369153 
1212,105948 -257,641073 
1222,499884 -237,629905 
1232,593209 -217,339439 
1242,379569 -196,773593 
1251,852643 -175,936415 
1261,006157 -154,832087 
1269,833873 -133,464918 
1278,329604 -111,839349 
1286,487208 -89,959949 
1294,300594 -67,831420 
1301,763723 -45,458591 
1308,870614 -22,846422 
1315,615342 -0,000000 
1321,992042 23,075457 
1327,994914 46,374604 
1333,618222 69,891969 
1338,856299 93,621953 
1343,703549 117,558828 
1348,154448 141,696742 
1352,203549 166,029719 
1355,845484 190,551656 
1359,074964 215,256328 
1361,886786 240,137385 
1364,275830 265,188358 
1366,237069 290,402654 
1367,765563 315,773561 
1368,856468 341,294249 
1369,505037 366,957769 
1369,706619 392,757053 
1369,456668 418,684920 
1368,750739 444,734074 
1367,584494 470,897105 
1365,953707 497,166491 
1363,854258 523,534599 
1361,282146 549,993688 
1358,233483 576,535908 
1354,704502 603,153304 
1350,691556 629,837816 
1346,191122 656,581280 
1341,199803 683,375432 
1335,714331 710,211908 
1329,731568 737,082244 
1323,248510 763,977884 
1316,262289 790,890174 
1308,770174 817,810370 
1300,769573 844,729638 
1292,258039 871,639053 
1283,233268 898,529608 
1273,693103 925,392207 
1263,635537 952,217676 
1253,058712 978,996761 
1241,960926 1005,720127 
1230,340630 1032,378369 
1218,196435 1058,962005 
1205,527110 1085,461485 
1192,331585 1111,867191 
1178,608955 1138,169438 
1164,358480 1164,358480 
1149,579587 1190,424510 
1134,271872 1216,357664 
1118,435102 1242,148021 
1102,069218 1267,785611 
1085,174335 1293,260412 
1067,750744 1318,562358 
1049,798915 1343,681336 
1031,319495 1368,607195 
1012,313316 1393,329746 
992,781389 1417,838762 
972,724913 1442,123989 
952,145270 1466,175141 
931,044029 1489,981907 
909,422949 1513,533954 
887,283977 1536,820930 
864,629254 1559,832465 
841,461111 1582,558180 
817,782071 1604,987684 
793,594855 1627,110579 
768,902376 1648,916467 
743,707747 1670,394948 
718,014275 1691,535629 
691,825469 1712,328122 
665,145033 1732,762052 
637,976875 1752,827058 
610,325101 1772,512798 
582,194020 1791,808949 
553,588140 1810,705219 
524,512176 1829,191339 
494,971042 1847,257078 
464,969857 1864,892238 
434,513944 1882,086664 
403,608828 1898,830244 
372,260240 1915,112913 
340,474115 1930,924659 
308,256592 1946,255526 
275,614015 1961,095616 
242,552931 1975,435095 
209,080092 1989,264196 
175,202455 2002,573223 
140,927179 2015,352555 
106,261628 2027,592651 
71,213368 2039,284052 
35,790169 2050,417385 
0,000000 2060,983370 
-36,148965 2070,972819 
-72,648353 2080,376646 
-109,489592 2089,185866 
-146,663908 2097,391600 
-184,162332 2104,985082 
-221,975695 2111,957658 
-260,094633 2118,300797 
-298,509588 2124,006087 
-337,210807 2129,065244 
-376,188344 2133,470116 
-415,432062 2137,212685 
-454,931636 2140,285073 
-494,676550 2142,679542 
-534,656103 2144,388505 
-574,859409 2145,404523 
-615,275399 2145,720313 
-655,892821 2145,328750 
-696,700245 2144,222874 
-737,686063 2142,395889 
-778,838492 2139,841170 
-820,145575 2136,552269 
-861,595185 2132,522915 
-903,175024 2127,747018 
-944,872631 2122,218676 
-986,675378 2115,932177 
-1028,570477 2108,882000 
-1070,544981 2101,062826 
-1112,585787 2092,469534 
-1154,679638 2083,097209 
-1196,813128 2072,941145 
-1238,972703 2061,996848 
-1281,144662 2050,260039 
-1323,315167 2037,726661 
-1365,470237 2024,392878 
-1407,595761 2010,255080 
-1449,677492 1995,309890 
-1491,701056 1979,554162 
-1533,651956 1962,984988 
-1575,515571 1945,599699 
-1617,277164 1927,395871 
-1658,921884 1908,371326 
-1700,434769 1888,524135 
-1741,800750 1867,852624 
-1783,004659 1846,355374 
-1824,031225 1824,031225 
-1864,865087 1800,879281 
-1905,490789 1776,898908 
-1945,892795 1752,089742 
-1986,055481 1726,451690 
-2025,963150 1699,984932 
-2065,600031 1672,689924 
-2104,950284 1644,567402 
-2143,998006 1615,618381 
-2182,727232 1585,844161 
-2221,121947 1555,246331 
-2259,166083 1523,826764 
-2296,843527 1491,587627 
-2334,138128 1458,531379 
-2371,033697 1424,660775 
-2407,514018 1389,978866 
-2443,562847 1354,489004 
-2479,163922 1318,194840 
-2514,300966 1281,100330 
-2548,957691 1243,209733 
-2583,117806 1204,527615 
-2616,765022 1165,058850 
-2649,883054 1124,808622 
-2682,455632 1083,782425 
-2714,466500 1041,986064 
-2745,899430 999,425659 
-2776,738217 956,107643 
-2806,966693 912,038765 
-2836,568732 867,226092 
-2865,528251 821,677004 
-2893,829218 775,399202 
-2921,455661 728,400705 
-2948,391670 680,689852 
-2974,621403 632,275298 
-3000,129095 583,166021 
-3024,899060 533,371318 
-3048,915701 482,900807 
-3072,163513 431,764424 
-3094,627091 379,972428 
-3116,291133 327,535396 
-3137,140452 274,464225 
-3157,159975 220,770132 
-3176,334755 166,464651 
-3194,649973 111,559635 
-3212,090949 56,067256 
-3228,643141 0,000000 
-3244,292160 -56,629330 
-3259,023769 -113,807618 
-3272,823894 -171,521432 
-3285,678625 -229,757031 
-3297,574229 -288,500362 
-3308,497151 -347,737063 
-3318,434025 -407,452465 
-3327,371673 -467,631592 
-3335,297120 -528,259168 
-3342,197593 -589,319610 
-3348,060532 -650,797041 
-3352,873595 -712,675283 
-3356,624663 -774,937864 
-3359,301846 -837,568020 
-3360,893494 -900,548698 
-3361,388196 -963,862555 
-3360,774792 -1027,491967 
-3359,042376 -1091,419028 
-3356,180303 -1155,625554 
-3352,178198 -1220,093084 
-3347,025955 -1284,802888 
-3340,713751 -1349,735968 
-3333,232047 -1414,873061 
-3324,571597 -1480,194641 
-3314,723452 -1545,680930 
-3303,678965 -1611,311893 
-3291,429801 -1677,067249 
-3277,967940 -1742,926470 
-3263,285680 -1808,868790 
-3247,375651 -1874,873206 
-3230,230810 -1940,918484 
-3211,844458 -2006,983165 
-3192,210236 -2073,045566 
-3171,322135 -2139,083790 
-3149,174502 -2205,075726 
-3125,762045 -2270,999058 
-3101,079835 -2336,831270 
-3075,123318 -2402,549648 
-3047,888312 -2468,131290 
-3019,371020 -2533,553109 
-2989,568029 -2598,791840 
-2958,476320 -2663,824043 
-2926,093268 -2728,626116 
-2892,416650 -2793,174291 
-2857,444651 -2857,444651 
-2821,175863 -2921,413127 
-2783,609298 -2985,055512 
-2744,744383 -3048,347462 
-2704,580973 -3111,264506 
-2663,119350 -3173,782053 
-2620,360228 -3235,875394 
-2576,304758 -3297,519717 
-2530,954534 -3358,690108 
-2484,311591 -3419,361559 
-2436,378417 -3479,508979 
-2387,157947 -3539,107198 
-2336,653576 -3598,130975 
-2284,869157 -3656,555006 
-2231,809003 -3714,353933 
-2177,477897 -3771,502350 
-2121,881087 -3827,974812 
-2065,024295 -3883,745842 
-2006,913716 -3938,789942 
-1947,556024 -3993,081597 
-1886,958371 -4046,595285 
-1825,128393 -4099,305488 
-1762,074210 -4151,186697 
-1697,804429 -4202,213421 
-1632,328144 -4252,360197 
-1565,654942 -4301,601599 
-1497,794901 -4349,912245 
-1428,758595 -4397,266807 
-1358,557091 -4443,640020 
-1287,201955 -4489,006689 
-1214,705248 -4533,341702 
-1141,079533 -4576,620036 
-1066,337872 -4618,816766 
-990,493826 -4659,907077 
-913,561459 -4699,866271 
-835,555334 -4738,669776 
-756,490519 -4776,293157 
-676,382579 -4812,712126 
-595,247586 -4847,902549 
-513,102108 -4881,840456 
-429,963217 -4914,502053 
-345,848483 -4945,863731 
-260,775978 -4975,902072 
-174,764269 -5004,593863 
-87,832422 -5031,916105 
-0,000000 -5057,846020 
88,712942 -5082,361064 
178,285856 -5105,438935 
268,697702 -5127,057584 
359,926952 -5147,195223 
451,951592 -5165,830337 
544,749123 -5182,941693 
638,296565 -5198,508348 
732,570459 -5212,509663 
827,546871 -5224,925309 
923,201393 -5235,735277 
1019,509150 -5244,919892 
1116,444799 -5252,459818 
1213,982537 -5258,336071 
1312,096101 -5262,530025 
1410,758776 -5265,023429 
1509,943395 -5265,798407 
1609,622349 -5264,837475 
1709,767586 -5262,123551 
1810,350618 -5257,639958 
1911,342529 -5251,370440 
2012,713976 -5243,299170 
2114,435196 -5233,410757 
2216,476013 -5221,690259 
2318,805841 -5208,123191 
2421,393693 -5192,695533 
2524,208186 -5175,393741 
2627,217546 -5156,204756 
2730,389617 -5135,116014 
2833,691867 -5112,115451 
2937,091393 -5087,191520 
3040,554933 -5060,333190 
3144,048868 -5031,529964 
3247,539231 -5000,771881 
3350,991719 -4968,049529 
3454,371695 -4933,354051 
3557,644200 -4896,677157 
3660,773959 -4858,011126 
3763,725392 -4817,348822 
3866,462621 -4774,683696 
3968,949478 -4730,009799 
4071,149516 -4683,321784 
4173,026019 -4634,614922 
4274,542008 -4583,885100 
4375,660255 -4531,128837 
4476,343287 -4476,343287 
4576,553403 -4419,526249 
4676,252679 -4360,676170 
4775,402980 -4299,792156 
4873,965970 -4236,873978 
4971,903125 -4171,922078 
5069,175739 -4104,937575 
5165,744942 -4035,922273 
5261,571703 -3964,878667 
5356,616849 -3891,809947 
5450,841072 -3816,720008 
5544,204940 -3739,613451 
5636,668914 -3660,495593 
5728,193353 -3579,372468 
5818,738533 -3496,250837 
5908,264653 -3411,138188 
5996,731852 -3324,042745 
6084,100221 -3234,973471 
6170,329814 -3143,940072 
6255,380659 -3050,953001 
6339,212778 -2956,023465 
6421,786193 -2859,163424 
6503,060943 -2760,385599 
6582,997097 -2659,703472 
6661,554764 -2557,131291 
6738,694113 -2452,684075 
6814,375381 -2346,377611 
6888,558892 -2238,228463 
6961,205065 -2128,253968 
7032,274433 -2016,472245 
7101,727655 -1902,902190 
7169,525531 -1787,563482 
7235,629016 -1670,476583 
7299,999235 -1551,662738 
7362,597497 -1431,143978 
7423,385310 -1308,943118 
7482,324394 -1185,083761 
7539,376700 -1059,590295 
7594,504421 -932,487891 
7647,670008 -803,802508 
7698,836187 -673,560889 
7747,965969 -541,790559 
7795,022673 -408,519828 
7839,969933 -273,777783 
7882,771718 -137,594292 
7923,392348 -0,000000 
7961,796505 138,973675 
7997,949252 279,294542 
8031,816047 420,929643 
8063,362760 563,845251 
8092,555686 708,006881 
8119,361560 853,379288 
8143,747577 999,926470 
8165,681402 1147,611680 
8185,131190 1296,397422 
8202,065596 1446,245462 
8216,453798 1597,116829 
8228,265504 1748,971824 
8237,470975 1901,770024 
8244,041035 2055,470287 
8247,947087 2210,030761 
8249,161132 2365,408891 
8247,655781 2521,561422 
8243,404270 2678,444411 
8236,380476 2836,013232 
8226,558934 2994,222582 
8213,914848 3153,026497 
8198,424109 3312,378350 
8180,063308 3472,230869 
8158,809754 3632,536140 
8134,641483 3793,245620 
8107,537280 3954,310145 
8077,476686 4115,679939 
8044,440018 4277,304630 
8008,408380 4439,133253 
7969,363678 4601,114265 
7927,288636 4763,195557 
7882,166807 4925,324464 
7833,982588 5087,447778 
7782,721235 5249,511757 
7728,368872 5411,462142 
7670,912511 5573,244168 
7610,340060 5734,802575 
7546,640337 5896,081624 
7479,803085 6057,025110 
7409,818982 6217,576375 
7336,679655 6377,678323 
7260,377691 6537,273436 
7180,906651 6696,303784 
7098,261080 6854,711046 
7012,436521 7012,436521 
6923,429524 7169,421148 
6831,237657 7325,605515 
6735,859521 7480,929882 
6637,294755 7635,334196 
6535,544052 7788,758103 
6430,609165 7941,140973 
6322,492921 8092,421909 
6211,199227 8242,539770 
6096,733083 8391,433189 
5979,100587 8539,040586 
5858,308950 8685,300191 
5734,366499 8830,150061 
5607,282688 8973,528100 
5477,068107 9115,372074 
5343,734489 9255,619637 
5207,294715 9394,208342 
5067,762827 9531,075669 
4925,154030 9666,159040 
4779,484700 9799,395840 
4630,772391 9930,723439 
4479,035840 10060,079209 
4324,294976 10187,400549 
4166,570918 10312,624903 
4005,885989 10435,689784 
3842,263713 10556,532792 
3675,728825 10675,091638 
3506,307271 10791,304164 
3334,026212 10905,108366 
3158,914030 11016,442417 
2981,000329 11125,244687 
2800,315937 11231,453767 
2616,892907 11335,008491 
2430,764522 11435,847959 
2241,965294 11533,911559 
2050,530966 11629,138991 
1856,498511 11721,470289 
1659,906134 11810,845846 
1460,793268 11897,206435 
1259,200580 11980,493235 
1055,169962 12060,647851 
848,744536 12137,612342 
639,968648 12211,329241 
428,887867 12281,741581 
215,548982 12348,792919 
0,000000 12412,427356 
-217,709861 12472,589568 
-437,530172 12529,224823 
-659,409301 12582,279010 
-883,294417 12631,698661 
-1109,131493 12677,430974 
-1336,865316 12719,423842 
-1566,439491 12757,625871 
-1797,796447 12791,986408 
-2030,877448 12822,455563 
-2265,622596 12848,984237 
-2501,970842 12871,524142 
-2739,859995 12890,027826 
-2979,226729 12904,448699 
-3220,006595 12914,741057 
-3462,134030 12920,860101 
-3705,542366 12922,761970 
-3950,163845 12920,403755 
-4195,929625 12913,743530 
-4442,769798 12902,740373 
-4690,613396 12887,354390 
-4939,388412 12867,546738 
-5189,021803 12843,279648 
-5439,439515 12814,516449 
-5690,566487 12781,221594 
-5942,326675 12743,360678 
-6194,643059 12700,900461 
-6447,437666 12653,808897 
-6700,631582 12602,055150 
-6954,144968 12545,609619 
-7207,897080 12484,443959 
-7461,806287 12418,531105 
-7715,790085 12347,845292 
-7969,765121 12272,362079 
-8223,647205 12192,058365 
-8477,351339 12106,912418 
-8730,791729 12016,903887 
-8983,881807 11922,013830 
-9236,534256 11822,224731 
-9488,661027 11717,520521 
-9740,173362 11607,886597 
-9990,981819 11493,309841 
-10240,996289 11373,778642 
-10490,126025 11249,282913 
-10738,279662 11119,814108 
-10985,365244 10985,365244 
-11231,290244 10845,930916 
-11475,961595 10701,507316 
-11719,285710 10552,092250 
-11961,168510 10397,685154 
-12201,515450 10238,287114 
-12440,231547 10073,900876 
-12677,221406 9904,530868 
-12912,389244 9730,183211 
-13145,638926 9550,865737 
-13376,873984 9366,588001 
-13605,997652 9177,361297 
-13832,912894 8983,198670 
-14057,522432 8784,114931 
-14279,728774 8580,126670 
-14499,434248 8371,252266 
-14716,541033 8157,511901 
-14930,951185 7938,927569 
-15142,566672 7715,523090 
-15351,289405 7487,324119 
-15557,021269 7254,358156 
-15759,664155 7016,654553 
-15959,119996 6774,244527 
-16155,290795 6527,161167 
-16348,078660 6275,439440 
-16537,385840 6019,116198 
-16723,114754 5758,230190 
-16905,168030 5492,822061 
-17083,448535 5222,934362 
-17257,859413 4948,611555 
-17428,304119 4669,900014 
-17594,686450 4386,848033 
-17756,910588 4099,505827 
-17914,881128 3807,925535 
-18068,503119 3512,161222 
-18217,682098 3212,268880 
-18362,324125 2908,306430 
-18502,335822 2600,333720 
-18637,624408 2288,412529 
-18768,097733 1972,606560 
-18893,664322 1652,981441 
-19014,233406 1329,604724 
-19129,714959 1002,545879 
-19240,019741 671,876294 
-19345,059327 337,669267 
-19444,746152 0,000000 
-19538,993546 -341,054401 
-19627,715770 -685,414938 
-19710,828055 -1033,000726 
-19788,246640 -1383,729002 
-19859,888811 -1737,515130 
-19925,672934 -2094,272616 
-19985,518501 -2453,913114 
-20039,346161 -2816,346436 
-20087,077759 -3181,480569 
-20128,636377 -3549,221678 
-20163,946370 -3919,474129 
-20192,933403 -4292,140494 
-20215,524490 -4667,121572 
-20231,648030 -5044,316398 
-20241,233848 -5423,622263 
-20244,213229 -5804,934732 
-20240,518956 -6188,147654 
-20230,085350 -6573,153187 
-20212,848303 -6959,841814 
-20188,745320 -7348,102364 
-20157,715549 -7737,822028 
-20119,699825 -8128,886385 
-20074,640703 -8521,179423 
-20022,482492 -8914,583557 
-19963,171296 -9308,979656 
-19896,655045 -9704,247069 
-19822,883535 -10100,263644 
-19741,808460 -10496,905756 
-19653,383449 -10894,048337 
-19557,564098 -11291,564897 
-19454,308008 -11689,327553 
-19343,574818 -12087,207060 
-19225,326237 -12485,072840 
-19099,526079 -12882,793008 
-18966,140296 -13280,234406 
-18825,137010 -13677,262634 
-18676,486548 -14073,742080 
-18520,161469 -14469,535956 
-18356,136599 -14864,506329 
-18184,389061 -15258,514155 
-18004,898309 -15651,419315 
-17817,646150 -16043,080653 
-17622,616782 -16433,356007 
-17419,796820 -16822,102249 
-17209,175323 -17209,175323 
-16990,743824 -17594,430283 
-16764,496357 -17977,721333 
-16530,429487 -18358,901863 
-16288,542329 -18737,824495 
-16038,836583 -19114,341119 
-15781,316553 -19488,302938 
-15515,989175 -19859,560509 
-15242,864037 -20227,963787 
-14961,953409 -20593,362167 
-14673,272259 -20955,604529 
-14376,838280 -21314,539284 
-14072,671908 -21670,014419 
-13760,796346 -22021,877540 
-13441,237582 -22369,975925 
-13114,024407 -22714,156565 
-12779,188437 -23054,266214 
-12436,764129 -23390,151441 
-12086,788798 -23721,658672 
-11729,302632 -24048,634246 
-11364,348712 -24370,924460 
-10991,973021 -24688,375622 
-10612,224461 -25000,834103 
-10225,154867 -25308,146385 
-9830,819017 -25610,159117 
-9429,274644 -25906,719165 
-9020,582447 -26197,673665 
-8604,806100 -26482,870076 
-8182,012263 -26762,156236 
-7752,270586 -27035,380413 
-7315,653717 -27302,391364 
-6872,237313 -27563,038384 
-6422,100035 -27817,171366 
-5965,323565 -28064,640855 
-5501,992596 -28305,298104 
-5032,194844 -28538,995131 
-4556,021045 -28765,584776 
-4073,564957 -28984,920755 
-3584,923355 -29196,857721 
-3090,196036 -29401,251320 
-2589,485810 -29597,958247 
-2082,898501 -29786,836309 
-1570,542938 -29967,744477 
-1052,530953 -30140,542948 
-528,977370 -30305,093204 
-0,000000 -30461,258067 
534,280368 -30608,901763 
1073,739978 -30747,889978 
1618,252121 -30878,089917 
2167,687142 -30999,370363 
2721,912456 -31111,601740 
3280,792566 -31214,656167 
3844,189070 -31308,407520 
4411,960687 -31392,731492 
4983,963271 -31467,505650 
5560,049827 -31532,609498 
6140,070536 -31587,924533 
6723,872774 -31633,334305 
7311,301135 -31668,724478 
7902,197455 -31693,982885 
8496,400834 -31708,999593 
9093,747665 -31713,666956 
9694,071661 -31707,879676 
10297,203880 -31691,534861 
10902,972759 -31664,532085 
11511,204139 -31626,773443 
12121,721303 -31578,163611 
12734,345002 -31518,609901 
13348,893495 -31448,022322 
13965,182582 -31366,313633 
14583,025637 -31273,399401 
15202,233652 -31169,198057 
15822,615270 -31053,630953 
16443,976828 -30926,622415 
17066,122396 -30788,099800 
17688,853822 -30637,993547 
18311,970772 -30476,237237 
18935,270776 -30302,767640 
19558,549275 -30117,524772 
20181,599665 -29920,451945 
20804,213347 -29711,495823 
21426,179774 -29490,606466 
22047,286506 -29257,737389 
22667,319255 -29012,845604 
23286,061940 -28755,891676 
23903,296743 -28486,839769 
24518,804161 -28205,657690 
25132,363063 -27912,316945 
25743,750744 -27606,792777 
26352,742988 -27289,064216 
26959,114124 -26959,114124 
27562,637084 -26616,929237 
28163,083472 -26262,500209 
28760,223615 -25895,821658 
29353,826637 -25516,892199 
29943,660516 -25125,714495 
30529,492153 -24722,295287 
31111,087439 -24306,645441 
31688,211317 -23878,779979 
32260,627859 -23438,718120 
32828,100326 -22986,483313 
33390,391246 -22522,103276 
33947,262481 -22045,610024 
34498,475301 -21557,039903 
35043,790454 -21056,433625 
35582,968245 -20543,836295 
36115,768609 -20019,297440 
36641,951182 -19482,871038 
37161,275387 -18934,615545 
37673,500501 -18374,593920 
38178,385744 -17802,873648 
38675,690347 -17219,526767 
39165,173642 -16624,629884 
39646,595136 -16018,264200 
40119,714595 -15400,515529 
40584,292125 -14771,474312 
41040,088258 -14131,235639 
41486,864030 -13479,899258 
41924,381071 -12817,569595 
42352,401685 -12144,355759 
42770,688939 -11460,371561 
43179,006747 -10765,735517 
43577,119959 -10060,570859 
43964,794445 -9345,005542 
44341,797185 -8619,172244 
44707,896356 -7883,208378 
45062,861424 -7137,256086 
45406,463228 -6381,462243 
45738,474074 -5615,978456 
46058,667823 -4840,961059 
46366,819981 -4056,571112 
46662,707793 -3262,974393 
46946,110329 -2460,341388 
47216,808583 -1648,847289 
47474,585555 -828,671973 
47719,226352 -0,000000 
47950,518275 836,979410 
48168,250914 1682,072387 
48372,216237 2535,080432 
48562,208688 3395,800435 
48738,025277 4264,024694 
48899,465671 5139,540944 
49046,332292 6022,132374 
49178,430404 6911,577658 
49295,568212 7807,650982 
49397,556949 8710,122071 
49484,210976 9618,756227 
49555,347867 10533,314355 
49610,788508 11453,553003 
49650,357185 12379,224397 
49673,881679 13310,076481 
49681,193358 14245,852954 
49672,127267 15186,293319 
49646,522221 16131,132919 
49604,220896 17080,102990 
49545,069919 18032,930705 
49468,919958 18989,339224 
49375,625816 19949,047747 
49265,046513 20911,771564 
49137,045384 21877,222116 
48991,490159 22845,107045 
48828,253056 23815,130258 
48647,210869 24786,991985 
48448,245050 25760,388840 
48231,241798 26735,013892 
47996,092146 27710,556721 
47742,692041 28686,703494 
47470,942432 29663,137032 
47180,749350 30639,536881 
46872,023992 31615,579384 
46544,682801 32590,937761 
46198,647546 33565,282178 
45833,845403 34538,279835 
45450,209032 35509,595038 
45047,676654 36478,889287 
44626,192129 37445,821356 
44185,705028 38410,047382 
43726,170711 39371,220950 
43247,550396 40328,993183 
42749,811232 41283,012832 
42232,926372 42232,926372 
41696,875036 43178,378090 
41141,642585 44119,010187 
40567,220584 45054,462873 
39973,606868 45984,374464 
39360,805605 46908,381487 
38728,827358 47826,118780 
38077,689146 48737,219595 
37407,414504 49641,315708 
36718,033540 50538,037519 
36009,582988 51427,014168 
35282,106268 52307,873640 
34535,653534 53180,242879 
33770,281725 54043,747900 
32986,054618 54898,013905 
32183,042872 55742,665397 
31361,324074 56577,326299 
30520,982785 57401,620072 
29662,110577 58215,169834 
28784,806080 59017,598484 
27889,175013 59808,528823 
26975,330226 60587,583676 
26043,391730 61354,386022 
25093,486732 62108,559116 
24125,749660 62849,726618 
23140,322200 63577,512722 
22137,353310 64291,542287 
21116,999255 64991,440963 
20079,423622 65676,835330 
19024,797337 66347,353026 
17953,298692 67002,622880 
16865,113347 67642,275054 
15760,434353 68265,941168 
14639,462156 68873,254448 
13502,404609 69463,849854 
12349,476970 70037,364225 
11180,901917 70593,436413 
9996,909536 71131,707427 
8797,737327 71651,820571 
7583,630198 72153,421585 
6354,840456 72636,158791 
5111,627802 73099,683226 
3854,259314 73543,648797 
2583,009435 73967,712412 
1298,159957 74371,534134 
0,000000 74754,777319 
-1311,174011 75117,108764 
-2635,058368 75458,198847 
-3971,342112 75777,721679 
-5319,707060 76075,355242 
-6679,827836 76350,781542 
-8051,371914 76603,686747 
-9433,999649 76833,761339 
-10827,364320 77040,700255 
-12231,112177 77224,203035 
-13644,882485 77383,973970 
-15068,307573 77519,722240 
-16501,012888 77631,162070 
-17942,617048 77718,012865 
-19392,731902 77779,999361 
-20850,962589 77816,851767 
-22316,907602 77828,305912 
-23790,158855 77814,103385 
-25270,301752 77773,991681 
-26756,915257 77707,724342 
-28249,571972 77615,061102 
-29747,838212 77495,768025 
-31251,274089 77349,617649 
-32759,433590 77176,389126 
-34271,864669 76975,868357 
-35788,109334 76747,848139 
-37307,703737 76492,128292 
-38830,178272 76208,515806 
-40355,057670 75896,824971 
-41881,861104 75556,877512 
-43410,102288 75188,502724 
-44939,289583 74791,537604 
-46468,926111 74365,826983 
-47998,509863 73911,223653 
-49527,533813 73427,588498 
-51055,486041 72914,790623 
-52581,849848 72372,707476 
-54106,103880 71801,224972 
-55627,722256 71200,237620 
-57146,174697 70569,648640 
-58660,926654 69909,370085 
-60171,439446 69219,322956 
-61677,170396 68499,437321 
-63177,572969 67749,652427 
-64672,096915 66969,916811 
-66160,188414 66160,188414 
-67641,290227 65320,434686 
-69114,841841 64450,632692 
-70580,279622 63550,769219 
-72037,036976 62620,840875 
-73484,544502 61660,854189 
-74922,230152 60670,825708 
-76349,519398 59650,782096 
-77765,835393 58600,760220 
-79170,599142 57520,807245 
-80563,229671 56410,980718 
-81943,144199 55271,348659 
-83309,758311 54101,989635 
-84662,486143 52902,992847 
-86000,740550 51674,458203 
-87323,933297 50416,496396 
-88631,475238 49129,228968 
-89922,776504 47812,788389 
-91197,246691 46467,318113 
-92454,295048 45092,972648 
-93693,330670 43689,917610 
-94913,762696 42258,329783 
-96115,000499 40798,397172 
-97296,453888 39310,319052 
-98457,533306 37794,306015 
-99597,650033 36250,580015 
-100716,216388 34679,374409 
-101812,645935 33080,933990 
-102886,353687 31455,515026 
-103936,756320 29803,385286 
-104963,272377 28124,824068 
-105965,322482 26420,122225 
-106942,329552 24689,582179 
-107893,719012 22933,517939 
-108818,919009 21152,255117 
-109717,360630 19346,130931 
-110588,478118 17515,494213 
-111431,709093 15660,705408 
-112246,494773 13782,136574 
-113032,280189 11880,171370 
-113788,514417 9955,205051 
-114514,650791 8007,644451 
-115210,147132 6037,907962 
-115874,465973 4046,425516 
-116507,074781 2033,638555 
-117107,446186 0,000000 
-117675,058206 -2054,025781 
-118209,394472 -4127,963016 
-118709,944459 -6221,324568 
-119176,203710 -8333,611985 
-119607,674069 -10464,315552 
-120003,863902 -12612,914344 
-120364,288330 -14778,876291 
-120688,469456 -16961,658236 
-120975,936596 -19160,706010 
-121226,226500 -21375,454501 
-121438,883589 -23605,327733 
-121613,460176 -25849,738948 
-121749,516695 -28108,090690 
-121846,621930 -30379,774899 
-121904,353240 -32664,173005 
-121922,296784 -34960,656024 
-121900,047749 -37268,584668 
-121837,210571 -39587,309449 
-121733,399161 -41916,170791 
-121588,237128 -44254,499152 
-121401,358001 -46601,615141 
-121172,405446 -48956,829648 
-120901,033492 -51319,443971 
-120586,906744 -53688,749955 
-120229,700603 -56064,030129 
-119829,101481 -58444,557851 
-119384,807015 -60829,597457 
-118896,526279 -63218,404414 
-118363,979996 -65610,225478 
-117786,900748 -68004,298854 
-117165,033183 -70399,854367 
-116498,134217 -72796,113627 
-115785,973243 -75192,290209 
-115028,332329 -77587,589834 
-114225,006418 -79981,210546 
-113375,803527 -82372,342909 
-112480,544936 -84760,170194 
-111539,065388 -87143,868581 
-110551,213271 -89522,607357 
-109516,850811 -91895,549123 
-108435,854253 -94261,850006 
-107308,114044 -96620,659871 
-106133,535009 -98971,122541 
-104912,036532 -101312,376021 
-103643,552723 -103643,552723 
-102328,032591 -105963,779698 
-100965,440208 -108272,178873 
-99555,754874 -110567,867286 
-98098,971275 -112849,957335 
-96595,099640 -115117,557022 
-95044,165891 -117369,770205 
-93446,211798 -119605,696851 
-91801,295115 -121824,433300 
-90109,489728 -124025,072525 
-88370,885790 -126206,704396 
-86585,589855 -128368,415955 
-84753,725005 -130509,291688 
-82875,430977 -132628,413801 
-80950,864283 -134724,862504 
-78980,198326 -136797,716293 
-76963,623515 -138846,052239 
-74901,347365 -140868,946280 
-72793,594610 -142865,473514 
-70640,607290 -144834,708499 
-68442,644856 -146775,725551 
-66199,984247 -148687,599052 
-63912,919985 -150569,403753 
-61581,764243 -152420,215087 
-59206,846926 -154239,109482 
-56788,515738 -156025,164676 
-54327,136244 -157777,460033 
-51823,091927 -159495,076869 
-49276,784243 -161177,098773 
-46688,632669 -162822,611932 
-44059,074740 -164430,705464 
-41388,566091 -166000,471745 
-38677,580484 -167531,006742 
-35926,609833 -169021,410352 
-33136,164225 -170470,786736 
-30306,771930 -171878,244660 
-27438,979414 -173242,897837 
-24533,351334 -174563,865267 
-21590,470536 -175840,271586 
-18610,938046 -177071,247407 
-15595,373053 -178255,929675 
-12544,412882 -179393,462008 
-9458,712969 -180482,995056 
-6338,946826 -181523,686844 
-3185,805994 -182514,703133 
-0,000000 -183455,217767 
3217,743699 -184344,413032 
6466,679778 -185181,480009 
9746,045111 -185965,618934 
13055,058848 -186696,039546 
16392,922490 -187371,961455 
19758,819982 -187992,614491 
23151,917804 -188557,239065 
26571,365073 -189065,086526 
30016,293653 -189515,419518 
33485,818265 -189907,512340 
36979,036610 -190240,651298 
40495,029499 -190514,135066 
44032,860987 -190727,275043 
47591,578515 -190879,395703 
51170,213055 -190969,834957 
54767,779275 -190997,944500 
58383,275691 -190963,090170 
62015,684845 -190864,652294 
65663,973477 -190702,026044 
69327,092712 -190474,621783 
73003,978247 -190181,865411 
76693,550553 -189823,198716 
80394,715076 -189398,079711 
84106,362451 -188905,982984 
87827,368721 -188346,400033 
91556,595563 -187718,839604 
95292,890517 -187022,828029 
99035,087233 -186257,909557 
102782,005711 -185423,646686 
106532,452561 -184519,620490 
110285,221258 -183545,430946 
114039,092414 -182500,697250 
117792,834051 -181385,058144 
121545,201885 -180198,172225 
125294,939612 -178939,718261 
129040,779203 -177609,395498 
132781,441210 -176206,923965 
136515,635071 -174732,044773 
140242,059430 -173184,520417 
143959,402457 -171564,135066 
147666,342177 -169870,694850 
151361,546807 -168104,028148 
155043,675101 -166263,985866 
158711,376695 -164350,441711 
162363,292465 -162363,292465 
165998,054889 -160302,458246 
169614,288417 -158167,882773 
173210,609842 -155959,533617 
176785,628687 -153677,402454 
180337,947587 -151321,505307 
183866,162685 -148891,882787 
187368,864035 -146388,600325 
190844,636001 -143811,748399 
194292,057675 -141161,442754 
197709,703290 -138437,824621 
201096,142648 -135641,060920 
204449,941544 -132771,344468 
207769,662206 -129828,894169 
211053,863731 -126813,955210 
214301,102533 -123726,799235 
217509,932794 -120567,724529 
220678,906919 -117337,056178 
223806,575999 -114035,146236 
226891,490279 -110662,373877 
229932,199623 -107219,145541 
232927,254001 -103705,895072 
235875,203960 -100123,083850 
238774,601116 -96471,200914 
241623,998642 -92750,763080 
244421,951762 -88962,315043 
247167,018253 -85106,429479 
249857,758944 -81183,707137 
252492,738227 -77194,776922 
255070,524567 -73140,295963 
257589,691014 -69020,949686 
260048,815725 -64837,451867 
262446,482486 -60590,544679 
264781,281235 -56280,998734 
267051,808591 -51909,613110 
269256,668388 -47477,215373 
271394,472207 -42984,661588 
273463,839916 -38432,836323 
275463,400206 -33822,652639 
277391,791139 -29155,052077 
279247,660688 -24431,004626 
281029,667288 -19651,508695 
282736,480382 -14817,591059 
284366,780972 -9930,306809 
285919,262176 -4990,739286 
287392,629776 -0,000000 
288785,602779 5040,771447 
290096,913970 10130,407463 
291325,310471 15267,712571 
292469,554299 20451,463523 
293528,422928 25680,409429 
294500,709846 30953,271894 
295385,225114 36268,745163 
296180,795930 41625,496283 
296886,267186 47022,165268 
297500,502030 52457,365282 
298022,382423 57929,682825 
298450,809700 63437,677938 
298784,705128 68979,884409 
299023,010460 74554,810002 
299164,688496 80160,936687 
299208,723633 85796,720881 
299154,122419 91460,593708 
298999,914104 97150,961264 
298745,151192 102866,204892 
298388,909982 108604,681469 
297930,291118 114364,723708 
297368,420128 120144,640467 
296702,447962 125942,717068 
295931,551532 131757,215630 
295054,934242 137586,375413 
294071,826515 143428,413171 
292981,486325 149281,523513 
291783,199714 155143,879288 
290476,281310 161013,631963 
289060,074844 166888,912023 
287533,953654 172767,829384 
285897,321195 178648,473808 
284149,611533 184528,915334 
282290,289844 190407,204722 
280318,852899 196281,373902 
278234,829550 202149,436440 
276037,781206 208009,388009 
273727,302307 213859,206875 
271303,020787 219696,854391 
268764,598533 225520,275503 
266111,731840 231327,399266 
263344,151852 237116,139369 
260461,625005 242884,394677 
257463,953456 248630,049770 
254350,975506 254350,975506 
251122,566019 260045,029589 
247778,636824 265710,057142 
244319,137120 271343,891298 
240744,053869 276944,353797 
237053,412170 282509,255590 
233247,275643 288036,397462 
229325,746790 293523,570650 
225288,967347 298968,557487 
221137,118639 304369,132040 
216870,421908 309723,060770 
212489,138647 315028,103191 
207993,570911 320282,012544 
203384,061628 325482,536480 
198660,994894 330627,417746 
193824,796258 335714,394885 
188875,932995 340741,202944 
183814,914373 345705,574187 
178642,291904 350605,238819 
173358,659585 355437,925718 
167964,654124 360201,363169 
162460,955163 364893,279619 
156848,285479 369511,404421 
151127,411180 374053,468601 
145299,141882 378517,205627 
139364,330883 382900,352179 
133323,875312 387200,648934 
127178,716273 391415,841354 
120929,838980 395543,680479 
114578,272862 399581,923731 
108125,091678 403528,335716 
101571,413595 407380,689039 
94918,401269 411136,765122 
88167,261905 414794,355026 
81319,247301 418351,260280 
74375,653887 421805,293711 
67337,822735 425154,280287 
60207,139568 428396,057953 
52985,034747 431528,478482 
45672,983247 434549,408321 
38272,504610 437456,729447 
30785,162895 440248,340224 
23212,566605 442922,156262 
15556,368596 445476,111280 
7818,265979 447908,157974 
0,000000 450216,268882 
-7896,644096 452398,437257 
-15869,837211 454452,677938 
-23917,706565 456377,028224 
-32038,335874 458169,548747 
-40229,765549 459828,324353 
-48489,992915 461351,464973 
-56816,972436 462737,106505 
-65208,615967 463983,411689 
-73662,793017 465088,570987 
-82177,331030 466050,803455 
-90750,015682 466868,357627 
-99378,591197 467539,512383 
-108060,760677 468062,577827 
-116794,186450 468435,896161 
-125576,490438 468657,842551 
-134405,254537 468726,826000 
-143278,021016 468641,290212 
-152192,292936 468399,714456 
-161145,534582 468000,614423 
-170135,171914 467442,543089 
-179158,593035 466724,091562 
-188213,148678 465843,889933 
-197296,152706 464800,608121 
-206404,882635 463592,956712 
-215536,580168 462219,687794 
-224688,451752 460679,595785 
-233857,669146 458971,518259 
-243041,370015 457094,336761 
-252236,658531 455046,977620 
-261440,606000 452828,412754 
-270650,251499 450437,660463 
-279862,602537 447873,786227 
-289074,635724 445135,903479 
-298283,297469 442223,174387 
-307485,504684 439134,810616 
-316678,145509 435870,074087 
-325858,080058 432428,277725 
-335022,141174 428808,786195 
-344167,135204 425011,016637 
-353289,842795 421034,439378 
-362387,019697 416878,578646 
-371455,397592 412543,013266 
-380491,684933 408027,377347 
-389492,567803 403331,360956 
-398454,710784 398454,710784 
-407374,757850 393397,230795 
-416249,333269 388158,782868 
-425075,042527 382739,287421 
-433848,473258 377138,724025 
-442566,196201 371357,132004 
-451224,766161 365394,611019 
-459820,722994 359251,321645 
-468350,592600 352927,485922 
-476810,887935 346423,387901 
-485198,110038 339739,374174 
-493508,749065 332875,854381 
-501739,285346 325833,301709 
-509886,190451 318612,253375 
-517945,928271 311213,311083 
-525914,956110 303637,141481 
-533789,725795 295884,476580 
-541566,684794 287956,114178 
-549242,277349 279852,918247 
-556812,945621 271575,819315 
-564275,130849 263125,814821 
-571625,274517 254503,969462 
-578859,819533 245711,415507 
-585975,211428 236749,353106 
-592967,899552 227619,050568 
-599834,338291 218321,844629 
-606570,988293 208859,140690 
-613174,317701 199232,413045 
-619640,803397 189443,205082 
-625966,932258 179493,129463 
-632149,202418 169383,868284 
-638184,124542 159117,173218 
-644068,223105 148694,865630 
-649798,037683 138118,836670 
-655370,124250 127391,047351 
-660781,056484 116513,528599 
-666027,427074 105488,381278 
-671105,849045 94317,776198 
-676012,957081 83003,954100 
-680745,408855 71549,225608 
-685299,886368 59955,971173 
-689673,097293 48226,640977 
-693861,776317 36363,754826 
-697862,686501 24369,902012 
-701672,620629 12247,741151 
-705288,402572 0,000000 
-708706,888651 -12370,524756 
-711924,969001 -24860,967738 
-714939,568945 -37468,395130 
-717747,650358 -50189,804970 
-720346,213045 -63022,127455 
-722732,296110 -75962,225284 
-724902,979335 -89006,894015 
-726855,384553 -102152,862453 
-728586,677022 -115396,793068 
-730094,066797 -128735,282432 
-731374,810110 -142164,861685 
-732426,210733 -155681,997030 
-733245,621353 -169283,090252 
-733830,444935 -182964,479261 
-734178,136091 -196722,438666 
-734286,202436 -210553,180375 
-734152,205947 -224452,854219 
-733773,764315 -238417,548605 
-733148,552292 -252443,291197 
-732274,303033 -266526,049622 
-731148,809431 -280661,732200 
-729769,925451 -294846,188708 
-728135,567447 -309075,211168 
-726243,715481 -323344,534657 
-724092,414632 -337649,838155 
-721679,776289 -351986,745405 
-719003,979448 -366350,825817 
-716063,271990 -380737,595383 
-712855,971949 -395142,517633 
-709380,468776 -409561,004606 
-705635,224590 -423988,417855 
-701618,775408 -438420,069476 
-697329,732378 -452851,223169 
-692766,782991 -467277,095313 
-687928,692275 -481692,856082 
-682814,303990 -496093,630579 
-677422,541795 -510474,500000 
-671752,410404 -524830,502820 
-665802,996732 -539156,636007 
-659573,471021 -553447,856268 
-653063,087946 -567699,081309 
-646271,187714 -581905,191131 
-639197,197137 -596061,029347 
-631840,630687 -610161,404521 
-624201,091542 -624201,091542 
-616278,272601 -638174,833009 
-608071,957491 -652077,340657 
-599582,021541 -665903,296790 
-590808,432748 -679647,355753 
-581751,252715 -693304,145419 
-572410,637568 -706868,268703 
-562786,838854 -720334,305100 
-552880,204412 -733696,812242 
-542691,179226 -746950,327486 
-532220,306247 -760089,369515 
-521468,227201 -773108,439967 
-510435,683361 -786002,025089 
-499123,516306 -798764,597400 
-487532,668640 -811390,617393 
-475664,184700 -823874,535241 
-463519,211226 -836210,792537 
-451098,998008 -848393,824045 
-438404,898508 -860418,059476 
-425438,370447 -872277,925282 
-412200,976370 -883967,846466 
-398694,384181 -895482,248419 
-384920,367643 -906815,558766 
-370880,806855 -917962,209231 
-356577,688694 -928916,637530 
-342013,107228 -939673,289265 
-327189,264096 -950226,619847 
-312108,468862 -960571,096428 
-296773,139323 -970701,199852 
-281185,801805 -980611,426619 
-265349,091405 -990296,290864 
-249265,752212 -999750,326354 
-232938,637493 -1008968,088489 
-216370,709841 -1017944,156327 
-199565,041289 -1026673,134611 
-182524,813392 -1035149,655818 
-165253,317269 -1043368,382214 
-147753,953615 -1051324,007915 
-130030,232669 -1059011,260969 
-112085,774154 -1066424,905438 
-93924,307174 -1073559,743497 
-75549,670074 -1080410,617533 
-56965,810268 -1086972,412258 
-38176,784024 -1093240,056826 
-19186,756208 -1099208,526961 
-0,000000 -1104872,847082 
19379,103439 -1110228,092444 
38946,065334 -1115269,391275 
58696,289705 -1119991,926922 
78625,073812 -1124390,939999 
98727,608645 -1128461,730533 
118998,979445 -1132199,660123 
139434,166281 -1135600,154087 
160028,044647 -1138658,703616 
180775,386120 -1141370,867934 
201670,859044 -1143732,276440 
222709,029259 -1145738,630869 
243884,360882 -1147385,707435 
265191,217108 -1148669,358974 
286623,861074 -1149585,517094 
308176,456754 -1150130,194301 
329843,069891 -1150299,486139 
351617,668987 -1150089,573313 
373494,126319 -1149496,723804 
395466,219004 -1148517,294984 
417527,630106 -1147147,735716 
439671,949789 -1145384,588448 
461892,676501 -1143224,491297 
484183,218213 -1140664,180119 
506536,893691 -1137700,490570 
528946,933820 -1134330,360158 
551406,482955 -1130550,830274 
573908,600333 -1126359,048213 
596446,261513 -1121752,269184 
619012,359864 -1116727,858298 
641599,708095 -1111283,292542 
664201,039825 -1105416,162737 
686809,011199 -1099124,175478 
709416,202539 -1092405,155052 
732015,120044 -1085257,045339 
754598,197528 -1077677,911691 
777157,798198 -1069665,942794 
799686,216478 -1061219,452498 
822175,679866 -1052336,881637 
844618,350842 -1043016,799812 
867006,328810 -1033257,907161 
889331,652079 -1023059,036094 
911586,299892 -1012419,153007 
933762,194483 -1001337,359968 
955851,203188 -989812,896374 
977845,140581 -977845,140581 
999735,770661 -965433,611500 
1021514,809066 -952577,970167 
1043173,925338 -939278,021280 
1064704,745214 -925533,714705 
1086098,852966 -911345,146945 
1107347,793763 -896712,562583 
1128443,076087 -881636,355678 
1149376,174173 -866117,071140 
1170138,530492 -850155,406060 
1190721,558259 -833752,211002 
1211116,643993 -816908,491263 
1231315,150094 -799625,408090 
1251308,417465 -781904,279860 
1271087,768161 -763746,583216 
1290644,508078 -745153,954167 
1309969,929666 -726128,189145 
1329055,314680 -706671,246015 
1347891,936955 -686785,245047 
1366471,065225 -666472,469842 
1384783,965953 -645735,368214 
1402821,906209 -624576,553023 
1420576,156560 -602998,802967 
1438037,994002 -581005,063324 
1455198,704909 -558598,446645 
1472049,588015 -535782,233401 
1488581,957417 -512559,872583 
1504787,145606 -488934,982246 
1520656,506523 -464911,350004 
1536181,418635 -440492,933482 
1551353,288034 -415683,860704 
1566163,551566 -390488,430438 
1580603,679969 -364911,112481 
1594665,181038 -338956,547896 
1608339,602812 -312629,549193 
1621618,536771 -285935,100450 
1634493,621061 -258878,357386 
1646956,543727 -231464,647374 
1658999,045967 -203699,469397 
1670612,925399 -175588,493949 
1681790,039345 -147137,562874 
1692522,308121 -118352,689150 
1702801,718350 -89240,056618 
1712620,326274 -59806,019641 
1721970,261090 -30057,102712 
1730843,728279 -0,000000 
1739233,012957 30358,425166 
1747130,483229 61011,140877 
1754528,593544 91950,947276 
1761419,888062 123170,477266 
1767797,004022 154662,197267 
1773652,675111 186418,408044 
1778979,734840 218431,245597 
1783771,119916 250692,682111 
1788019,873618 283194,526972 
1791719,149163 315928,427849 
1794862,213081 348885,871838 
1797442,448581 382058,186670 
1799453,358907 415436,541986 
1800888,570695 449011,950675 
1801741,837323 482775,270280 
1802007,042245 516717,204469 
1801678,202324 550828,304566 
1800749,471152 585098,971158 
1799215,142351 619519,455760 
1797069,652871 654079,862548 
1794307,586270 688770,150160 
1790923,675970 723580,133561 
1786912,808514 758499,485977 
1782270,026785 793517,740890 
1776990,533220 828624,294109 
1771069,692995 863808,405895 
1764503,037194 899059,203161 
1757286,265952 934365,681736 
1749415,251569 969716,708694 
1740886,041608 1005101,024751 
1731694,861961 1040507,246724 
1721838,119880 1075923,870062 
1711312,406993 1111339,271434 
1700114,502276 1146741,711392 
1688241,374997 1182119,337091 
1675690,187633 1217460,185077 
1662458,298740 1252752,184142 
1648543,265796 1287983,158241 
1633942,848005 1323140,829468 
1618655,009061 1358212,821106 
1602677,919870 1393186,660734 
1586009,961236 1428049,783393 
1568649,726499 1462789,534826 
1550596,024134 1497393,174767 
1531847,880300 1531847,880300 
1512404,541344 1566140,749276 
1492265,476262 1600258,803794 
1471430,379103 1634188,993732 
1449899,171329 1667918,200352 
1427672,004117 1701433,239953 
1404749,260618 1734720,867582 
1381131,558149 1767767,780811 
1356819,750343 1800560,623564 
1331814,929227 1833085,990001 
1306118,427258 1865330,428458 
1279731,819290 1897280,445443 
1252656,924478 1928922,509684 
1224895,808132 1960243,056231 
1196450,783494 1991228,490612 
1167324,413464 2021865,193035 
1137519,512247 2052139,522647 
1107039,146948 2082037,821840 
1075886,639086 2111546,420602 
1044065,566046 2140651,640925 
1011579,762462 2169339,801247 
978433,321523 2197597,220953 
944630,596211 2225410,224912 
910176,200464 2252765,148060 
875075,010264 2279648,340027 
839332,164651 2306046,169801 
802953,066655 2331945,030443 
765943,384156 2357331,343825 
728309,050662 2382191,565422 
690056,266006 2406512,189131 
651191,496964 2430279,752127 
611721,477792 2453480,839760 
571653,210670 2476102,090475 
530993,966079 2498130,200768 
489751,283077 2519551,930180 
447932,969495 2540354,106306 
405547,102051 2560523,629843 
362602,026363 2580047,479660 
319106,356891 2598912,717890 
275068,976772 2617106,495056 
230499,037574 2634616,055205 
185405,958959 2651428,741072 
139799,428248 2667531,999263 
93689,399900 2682913,385449 
47086,094890 2697560,569582 
0,000000 2711461,341126 
-47558,132991 2724603,614292 
-95577,288211 2736975,433299 
-144046,186693 2748564,977629 
-192953,287474 2759360,567300 
-242286,788791 2769350,668145 
-292034,629371 2778523,897087 
-342184,489827 2786869,027431 
-392723,794148 2794374,994142 
-443639,711291 2801030,899132 
-494919,156872 2806826,016546 
-546548,794960 2811749,798035 
-598515,039972 2815791,878030 
-650804,058669 2818942,079010 
-703401,772249 2821190,416752 
-756293,858555 2822527,105580 
-809465,754372 2822942,563591 
-862902,657834 2822427,417875 
-916589,530937 2820972,509711 
-970511,102143 2818568,899749 
-1024651,869104 2815207,873166 
-1078996,101478 2810880,944807 
-1133527,843850 2805579,864295 
-1188230,918764 2799296,621115 
-1243088,929849 2792023,449674 
-1298085,265057 2783752,834326 
-1353203,100001 2774477,514368 
-1408425,401395 2764190,488999 
-1463734,930605 2752885,022241 
-1519114,247294 2740554,647831 
-1574545,713175 2727193,174060 
-1630011,495873 2712794,688577 
-1685493,572877 2697353,563151 
-1740973,735605 2680864,458379 
-1796433,593568 2663322,328349 
-1851854,578637 2644722,425257 
-1907217,949409 2625060,303965 
-1962504,795676 2604331,826507 
-2017696,042995 2582533,166540 
-2072772,457357 2559660,813735 
-2127714,649960 2535711,578105 
-2182503,082071 2510682,594277 
-2237118,069997 2484571,325690 
-2291539,790151 2457375,568735 
-2345748,284210 2429093,456822 
-2399723,464376 2399723,464376 
-2453445,118726 2369264,410759 
-2506892,916668 2337715,464125 
-2560046,414475 2305076,145184 
-2612885,060925 2271346,330900 
-2665388,203027 2236526,258104 
-2717535,091841 2200616,527020 
-2769304,888387 2163618,104712 
-2820676,669639 2125532,328437 
-2871629,434617 2086360,908921 
-2922142,110553 2046105,933529 
-2972193,559154 2004769,869354 
-3021762,582943 1962355,566203 
-3070827,931685 1918866,259497 
-3119368,308895 1874305,573058 
-3167362,378424 1828677,521804 
-3214788,771132 1781986,514347 
-3261626,091625 1734237,355470 
-3307852,925087 1685435,248516 
-3353447,844165 1635585,797655 
-3398389,415949 1584695,010050 
-3442656,209006 1532769,297905 
-3486226,800495 1479815,480405 
-3529079,783346 1425840,785537 
-3571193,773507 1370852,851792 
-3612547,417256 1314859,729756 
-3653119,398574 1257869,883573 
-3692888,446585 1199892,192286 
-3731833,343048 1140935,951060 
-3769932,929915 1081010,872273 
-3807166,116936 1020127,086484 
-3843511,889325 958295,143269 
-3878949,315476 895526,011932 
-3913457,554725 831831,082074 
-3947015,865168 767222,164043 
-3979603,611511 701711,489234 
-4011200,272981 635311,710266 
-4041785,451262 568035,901008 
-4071338,878482 499897,556481 
-4099840,425230 430910,592605 
-4127270,108608 361089,345813 
-4153608,100319 290448,572518 
-4178834,734785 219003,448441 
-4202930,517284 146769,567784 
-4225876,132122 73762,942265 
-4247652,450825 0,000000 
-4268240,540347 -74502,415761 
-4287621,671299 -149727,048051 
-4305777,326196 -225656,227753 
-4322689,207708 -302271,875318 
-4338339,246930 -379555,502636 
-4352709,611652 -457488,215066 
-4365782,714638 -536050,713614 
-4377541,221909 -615223,297271 
-4387968,061015 -694985,865506 
-4397046,429315 -775317,920916 
-4404759,802244 -856198,572038 
-4411091,941574 -937606,536311 
-4416026,903658 -1019520,143209 
-4419549,047668 -1101917,337523 
-4421643,043805 -1184775,682806 
-4422293,881497 -1268072,364989 
-4421486,877565 -1351784,196139 
-4419207,684374 -1435887,618397 
-4415442,297941 -1520358,708068 
-4410177,066021 -1605173,179875 
-4403398,696155 -1690306,391376 
-4395094,263675 -1775733,347542 
-4385251,219672 -1861428,705503 
-4373857,398920 -1947366,779448 
-4360901,027749 -2033521,545695 
-4346370,731870 -2119866,647922 
-4330255,544144 -2206375,402556 
-4312544,912297 -2293020,804332 
-4293228,706571 -2379775,532009 
-4272297,227317 -2466611,954249 
-4249741,212514 -2553502,135658 
-4225551,845229 -2640417,842988 
-4199720,760996 -2727330,551500 
-4172240,055118 -2814211,451488 
-4143102,289900 -2901031,454962 
-4112300,501791 -2987761,202489 
-4079828,208442 -3074371,070195 
-4045679,415675 -3160831,176921 
-4009848,624369 -3247111,391543 
-3972330,837235 -3333181,340438 
-3933121,565508 -3419010,415115 
-3892216,835529 -3504567,779994 
-3849613,195223 -3589822,380340 
-3805307,720474 -3674742,950348 
-3759298,021386 -3759298,021386 
-3711582,248426 -3843455,930372 
-3662159,098458 -3927184,828319 
-3611027,820652 -4010452,689013 
-3558188,222265 -4093227,317839 
-3503640,674304 -4175476,360761 
-3447386,117053 -4257167,313428 
-3389426,065471 -4338267,530436 
-3329762,614446 -4418744,234725 
-3268398,443920 -4498564,527108 
-3205336,823867 -4577695,395943 
-3140581,619122 -4656103,726939 
-3074137,294067 -4733756,313089 
-3006008,917160 -4810619,864737 
-2936202,165319 -4886661,019774 
-2864723,328136 -4961846,353959 
-2791579,311937 -5036142,391362 
-2716777,643681 -5109515,614933 
-2640326,474688 -5181932,477186 
-2562234,584197 -5253359,411007 
-2482511,382757 -5323762,840566 
-2401166,915437 -5393109,192353 
-2318211,864862 -5461364,906316 
-2233657,554069 -5528496,447109 
-2147515,949173 -5594470,315447 
-2059799,661858 -5659253,059554 
-1970521,951665 -5722811,286724 
-1879696,728103 -5785111,674964 
-1787338,552555 -5846120,984742 
-1693462,639993 -5905806,070815 
-1598084,860490 -5964133,894156 
-1501221,740536 -6021071,533953 
-1402890,464144 -6076586,199701 
-1303108,873748 -6130645,243361 
-1201895,470902 -6183216,171603 
-1099269,416757 -6234266,658115 
-995250,532330 -6283764,555981 
-889859,298556 -6331677,910125 
-783116,856119 -6377974,969817 
-675045,005069 -6422624,201232 
-565666,204214 -6465594,300071 
-455003,570283 -6506854,204222 
-343080,876869 -6546373,106479 
-229922,553144 -6584120,467296 
-115553,682341 -6620066,027583 
-0,000000 -6654179,821538 
116712,108006 -6686432,189510 
234555,607695 -6716793,790888 
353502,819429 -6745235,617016 
473525,420604 -6771729,004130 
594594,448588 -6796245,646298 
716680,303892 -6818757,608392 
839752,753585 -6839237,339045 
963780,934960 -6857657,683628 
1088733,359436 -6873991,897216 
1214577,916711 -6888213,657554 
1341281,879165 -6900297,078007 
1468811,906504 -6910216,720501 
1597134,050663 -6917947,608446 
1726213,760950 -6923465,239625 
1856015,889447 -6926745,599071 
1986504,696663 -6927765,171902 
2117643,857438 -6926500,956117 
2249396,467095 -6922930,475358 
2381725,047858 -6917031,791623 
2514591,555513 -6908783,517924 
2647957,386327 -6898164,830895 
2781783,384221 -6885155,483336 
2916029,848201 -6869735,816698 
3050656,540043 -6851886,773488 
3185622,692224 -6831589,909608 
3320887,016125 -6808827,406611 
3456407,710470 -6783582,083877 
3592142,470035 -6755837,410689 
3728048,494601 -6725577,518228 
3864082,498168 -6692787,211464 
4000200,718411 -6657451,980936 
4136358,926406 -6619558,014434 
4272512,436588 -6579092,208565 
4408616,116980 -6536042,180190 
4544624,399651 -6490396,277754 
4680491,291447 -6442143,592470 
4816170,384947 -6391273,969386 
4951614,869685 -6337778,018296 
5086777,543604 -6281647,124523 
5221610,824766 -6222873,459544 
5356066,763294 -6161449,991461 
5490097,053567 -6097370,495319 
5623653,046643 -6030629,563255 
5756685,762932 -5961222,614483 
5889145,905097 -5889145,905098 
6020983,871193 -5814396,537706 
6152149,768039 -5736972,470875 
6282593,424817 -5656872,528385 
6412264,406907 -5574096,408296 
6541112,029938 -5488644,691810 
6669085,374069 -5400518,851935 
6796133,298490 -5309721,261934 
6922204,456143 -5216255,203566 
7047247,308653 -5120124,875108 
7171210,141479 -5021335,399150 
7294041,079272 -4919892,830168 
7415688,101440 -4815804,161860 
7536099,057918 -4709077,334246 
7655221,685137 -4599721,240525 
7773003,622195 -4487745,733686 
7889392,427219 -4373161,632870 
8004335,593915 -4255980,729469 
8117780,568316 -4136215,792968 
8229674,765698 -4013880,576529 
8339965,587690 -3888989,822289 
8448600,439552 -3761559,266399 
8555526,747629 -3631605,643776 
8660691,976966 -3499146,692575 
8764043,649101 -3364201,158371 
8865529,360000 -3226788,798053 
8965096,798161 -3086930,383422 
9062693,762861 -2944647,704481 
9158268,182555 -2799963,572434 
9251768,133408 -2652901,822365 
9343141,857977 -2503487,315615 
9432337,784012 -2351745,941830 
9519304,543392 -2197704,620706 
9603990,991179 -2041391,303395 
9686346,224795 -1882834,973591 
9766319,603305 -1722065,648285 
9843860,766806 -1559114,378183 
9918919,655927 -1394013,247790 
9991446,531410 -1226795,375144 
10061391,993797 -1057494,911216 
10128707,003189 -886147,038955 
10193342,899092 -712787,971981 
10255251,420331 -537454,952929 
10314384,725038 -360186,251432 
10370695,410695 -181021,161745 
10424136,534233 -0,000000 
10474661,632187 182835,898891 
10522224,740887 367444,184717 
10566780,416688 553781,495810 
10608283,756232 741803,463265 
10646690,416735 931464,715534 
10681956,636285 1122718,883398 
10714039,254164 1315518,605319 
10742895,731159 1509815,533178 
10768484,169883 1705560,338390 
10790763,335083 1902702,718415 
10809692,673932 2101191,403643 
10825232,336296 2300974,164682 
10837343,194978 2501997,820031 
10845986,865918 2704208,244143 
10851125,728358 2907550,375882 
10852722,944946 3111968,227382 
10850742,481793 3317404,893291 
10845149,128455 3523802,560418 
10835908,517850 3731102,517776 
10822987,146093 3939245,167023 
10806352,392242 4148170,033301 
10785972,537954 4357815,776471 
10761816,787034 4568120,202758 
10733855,284877 4779020,276778 
10702059,137797 4990452,133982 
10666400,432222 5202351,093488 
10626852,253770 5414651,671313 
10583388,706170 5627287,594010 
10535984,930051 5840191,812697 
10484617,121564 6053296,517485 
10429262,550847 6266533,152303 
10369899,580319 6479832,430119 
10306507,682795 6693124,348556 
10239067,459415 6906338,205899 
10167560,657376 7119402,617499 
10091970,187472 7332245,532561 
10012280,141411 7544794,251324 
9928475,808924 7756975,442632 
9840543,694649 7968715,161885 
9748471,534775 8179938,869371 
9652248,313449 8390571,448991 
9551864,278941 8600537,227343 
9447310,959538 8809759,993203 
9338581,179185 9018163,017363 
9225669,072851 9225669,072851 
9108570,101613 9432200,455506 
8987281,067452 9637679,004933 
8861800,127758 9842026,125803 
8732126,809524 10045162,809524 
8598262,023237 10247009,656259 
8460208,076441 10447486,897292 
8317968,686985 10646514,417750 
8171548,995922 10844011,779656 
8020955,580083 11039898,245329 
7866196,464287 11234092,801113 
7707281,133200 11426514,181437 
7544220,542833 11617080,893199 
7377027,131661 11805711,240469 
7205714,831367 11992323,349512 
7030299,077197 12176835,194110 
6850796,817927 12359164,621201 
6667226,525415 12539229,376808 
6479608,203763 12716947,132262 
6287963,398045 12892235,510722 
6092315,202629 13065012,113963 
5892688,269054 13235194,549449 
5689108,813483 13402700,457672 
5481604,623705 13567447,539757 
5270205,065689 13729353,585321 
5054941,089684 13888336,500580 
4835845,235848 14044314,336705 
4612951,639414 14197205,318411 
4386296,035381 14346927,872773 
4155915,762712 14493400,658267 
3921849,768053 14636542,594027 
3684138,608956 14776272,889304 
3442824,456593 14912511,073126 
3197951,097971 15045177,024154 
2949563,937634 15174191,000714 
2697709,998838 15299473,671012 
2442437,924215 15420946,143509 
2183797,975891 15538529,997460 
1921842,035088 15652147,313600 
1656623,601168 15761720,704977 
1388197,790143 15867173,347906 
1116621,332630 15968429,013062 
841952,571254 16065412,096679 
564251,457487 16158047,651852 
283579,547926 16246261,419944 
0,000000 16329979,862072 
-286422,432894 16409130,190678 
-575621,406834 16483640,401159 
-867528,993396 16553439,303560 
-1162075,686265 16618456,554317 
-1459190,408429 16678622,688032 
-1758800,519971 16733869,149279 
-2060831,826453 16784128,324431 
-2365208,587903 16829333,573486 
-2671853,528395 16869419,261897 
-2980687,846249 16904320,792386 
-3291631,224818 16933974,636729 
-3604601,843905 16958318,367515 
-3919516,391778 16977290,689849 
-4236290,077809 16990831,473005 
-4554836,645720 16998881,782005 
-4875068,387455 17001383,909125 
-5196896,157670 16998281,405305 
-5520229,388839 16989519,111462 
-5844976,106992 16975043,189682 
-6171042,948066 16954801,154297 
-6498335,174889 16928741,902819 
-6826756,694782 16896815,746727 
-7156210,077792 16858974,442098 
-7486596,575547 16815171,220063 
-7817816,140736 16765360,817081 
-8149767,447222 16709499,505017 
-8482347,910765 16647545,121017 
-8815453,710386 16579457,097159 
-9148979,810346 16505196,489879 
-9482819,982745 16424726,009144 
-9816866,830749 16338010,047384 
-10151011,812436 16245014,708145 
-10485145,265253 16145707,834469 
-10819156,431099 16040059,036981 
-11152933,482016 15928039,721668 
-11486363,546494 15809623,117353 
-11819332,736384 15684784,302827 
-12151726,174421 15553500,233651 
-12483428,022342 15415749,768601 
-12814321,509618 15271513,695745 
-13144288,962767 15120774,758151 
-13473211,835271 14963517,679197 
-13800970,738079 14799729,187483 
-14127445,470693 14629398,041326 
-14452515,052834 14452515,052834 
-14776057,756690 14269073,111536 
-15097951,139725 14079067,207563 
-15418072,078061 13882494,454362 
-15736296,800418 13679354,110943 
-16052500,922608 13469647,603634 
-16366559,482579 13253378,547329 
-16678346,975998 13030552,766239 
-16987737,392379 12801178,314110 
-17294604,251729 12565265,493903 
-17598820,641725 12322826,876937 
-17900259,255409 12073877,321461 
-18198792,429378 11818433,990663 
-18494292,182493 11556516,370096 
-18786630,255069 11288146,284503 
-19075678,148553 11013347,914042 
-19361307,165679 10732147,809893 
-19643388,451094 10444574,909237 
-19921793,032440 10150660,549589 
-20196391,861888 9850438,482489 
-20467055,858114 9543944,886525 
-20733655,948704 9231218,379681 
-20996063,112989 8912300,031011 
-21254148,425279 8587233,371606 
-21507783,098512 8256064,404862 
-21756838,528290 7918841,616034 
-22001186,337290 7575615,981060 
-22240698,420056 7226440,974652 
-22475246,988141 6871372,577636 
-22704704,615601 6510469,283540 
-22928944,284825 6143792,104417 
-23147839,432686 5771404,575886 
-23361263,997008 5393372,761396 
-23569092,463333 5009765,255689 
-23771199,911968 4620653,187463 
-23967462,065319 4226110,221222 
-24157755,335477 3826212,558307 
-24341956,872056 3421038,937089 
-24519944,610270 3010670,632336 
-24691597,319223 2595191,453725 
-24856794,650414 2174687,743503 
-25015417,186439 1749248,373285 
-25167346,489861 1318964,739981 
-25312465,152257 883930,760850 
-25450656,843412 444242,867668 
-25581806,360646 0,000000 
-25705799,678268 -448696,402416 
-25822523,997128 -901742,408199 
-25931867,794273 -1359031,603759 
-26033720,872661 -1820455,103652 
-26127974,410947 -2285901,561853 
-26214521,013312 -2755257,183960 
-26293254,759307 -3228405,740330 
-26364071,253729 -3705228,580152 
-26426867,676471 -4185604,646468 
-26481542,832361 -4669410,492132 
-26527997,200967 -5156520,296728 
-26566132,986334 -5646805,884444 
-26595854,166658 -6140136,742895 
-26617066,543867 -6636380,042926 
-26629677,793098 -7135400,659361 
-26633597,512045 -7637061,192736 
-26628737,270171 -8141221,991993 
-26615010,657752 -8647741,178152 
-26592333,334755 -9156474,668959 
-26560623,079510 -9667276,204505 
-26519799,837176 -10179997,373830 
-26469785,767968 -10694487,642497 
-26410505,295143 -11210594,381159 
-26341885,152710 -11728162,895089 
-26263854,432856 -12247036,454708 
-26176344,633068 -12767056,327078 
-26079289,702929 -13288061,808380 
-25972626,090572 -13809890,257374 
-25856292,788773 -14332377,129829 
-25730231,380657 -14855356,013934 
-25594386,085019 -15378658,666675 
-25448703,801211 -15902115,051195 
-25293134,153599 -16425553,375110 
-25127629,535564 -16948800,129799 
-24952145,153025 -17471680,130651 
-24766639,067466 -17994016,558273 
-24571072,238451 -18515631,000653 
-24365408,565608 -19036343,496273 
-24149614,930051 -19555972,578163 
-23923661,235240 -20074335,318900 
-23687520,447248 -20591247,376543 
-23441168,634409 -21106523,041489 
-23184585,006349 -21619975,284261 
-22917751,952360 -22131415,804207 
-22640655,079106 -22640655,079106 
-22353283,247645 -23147502,415683 
-22055628,609740 -23651766,001010 
-21747686,643452 -24153252,954801 
-21429456,187979 -24651769,382578 
-21100939,477740 -25147120,429709 
-20762142,175666 -25639110,336306 
-20413073,405702 -26127542,492971 
-20053745,784480 -26612219,497386 
-19684175,452153 -27092943,211725 
-19304382,102377 -27569514,820898 
-18914389,011415 -28041734,891590 
-18514223,066339 -28509403,432103 
-18103914,792332 -28972319,952985 
-17683498,379046 -29430283,528424 
-17253011,706023 -29883092,858411 
-16812496,367138 -30330546,331644 
-16361997,694066 -30772442,089164 
-15901564,778739 -31208578,088723 
-15431250,494789 -31638752,169838 
-14951111,517952 -32062762,119558 
-14461208,345414 -32480405,738891 
-13961605,314092 -32891480,909900 
-13452370,617818 -33295785,663444 
-12933576,323431 -33693118,247551 
-12405298,385732 -34083277,196396 
-11867616,661317 -34466061,399884 
-11320614,921245 -34841270,173814 
-10764380,862539 -35208703,330596 
-10199006,118513 -35568161,250523 
-9624586,267881 -35919444,953559 
-9041220,842665 -36262356,171648 
-8449013,334871 -36596697,421498 
-7848071,201912 -36922272,077844 
-7238505,870783 -37238884,447161 
-6620432,740959 -37546339,841800 
-5993971,186003 -37844444,654545 
-5359244,553883 -38133006,433550 
-4716380,165966 -38411833,957651 
-4065509,314693 -38680737,312021 
-3406767,259915 -38939527,964155 
-2740293,223875 -39188018,840157 
-2066230,384832 -39426024,401307 
-1384725,869308 -39653360,720892 
-695930,742950 -39869845,561268 
-0,000000 -40075298,451138 
702907,448648 -40269540,763020 
1412628,788802 -40452395,790882 
2128997,317756 -40623688,827917 
2851842,460507 -40783247,244434 
3580989,787418 -40930900,565848 
4316261,033337 -41066480,550732 
5057474,118173 -41189821,268916 
5804443,168943 -41300759,179602 
6556978,543303 -41399133,209470 
7314886,854547 -41484784,830755 
8077970,998117 -41557558,139254 
8846030,179590 -41617299,932258 
9618859,944185 -41663859,786358 
10396252,207763 -41697090,135128 
11177995,289349 -41716846,346618 
11963873,945169 -41722986,800676 
12753669,404205 -41715372,966026 
13547159,405278 -41693869,477114 
14344118,235658 -41658344,210667 
15144316,771200 -41608668,361942 
15947522,518020 -41544716,520652 
16753499,655692 -41466366,746519 
17562009,081997 -41373500,644443 
18372808,459190 -41266003,439241 
19185652,261813 -41143764,049949 
20000291,826038 -41006675,163634 
20816475,400549 -40854633,308707 
21633948,198947 -40687538,927692 
22452452,453700 -40505296,449436 
23271727,471603 -40307814,360714 
24091509,690780 -40095005,277214 
24911532,739194 -39866786,013869 
25731527,494683 -39623077,654495 
26551222,146504 -39363805,620719 
27370342,258385 -39088899,740163 
28188610,833080 -38798294,313850 
29005748,378417 -38491928,182804 
29821472,974836 -38169744,793814 
30635500,344407 -37831692,264337 
31447543,921320 -37477723,446498 
32257314,923843 -37107795,990169 
33064522,427732 -36721872,405090 
33868873,441082 -36319920,122003 
34670072,980625 -35901911,552769 
35467824,149440 -35467824,149441 
36261828,216085 -35017640,462256 
37051784,695120 -34551348,196525 
37837391,429031 -34068940,268381 
38618344,671516 -33570414,859365 
39394339,172139 -33055775,469815 
40165068,262332 -32525030,971024 
40930223,942722 -31978195,656150 
41689496,971783 -31415289,289836 
42442576,955780 -30836337,156515 
43189152,440001 -30241370,107378 
43928911,001254 -29630424,605959 
44661539,341608 -29003542,772330 
45386723,383375 -28360772,425858 
46104148,365283 -27702167,126503 
46813498,939862 -27027786,214638 
47514459,271982 -26337694,849344 
48206713,138550 -25631964,045167 
48889944,029331 -24910670,707303 
49563835,248880 -24173897,665189 
50228070,019550 -23421733,704462 
50882331,585563 -22654273,597274 
51526303,318121 -21871618,130920 
52159668,821523 -21073874,134772 
52782112,040268 -20261154,505469 
53393317,367128 -19433578,230364 
53992969,752144 -18591270,409177 
54580754,812540 -17734362,273854 
55156358,943511 -16862991,206578 
55719469,429869 -15977300,755944 
56269774,558512 -15077440,651235 
56806963,731685 -14163566,814806 
57330727,581015 -13235841,372542 
57840758,082273 -12294432,662356 
58336748,670851 -11339515,240730 
58818394,357902 -10371269,887249 
59285391,847135 -9389883,607130 
59737439,652212 -8395549,631706 
60174238,214721 -7388467,416862 
60595490,022704 -6368842,639386 
61000899,729682 -5336887,191229 
61390174,274167 -4292819,171649 
61763022,999612 -3236862,877217 
62119157,774761 -2169248,789674 
62458293,114380 -1090213,561618 
